customer_id,first_name,last_name,email,phone,city,state,signup_date
1,Jason,Kramer,stephanie48@example.org,3623631508,Port Jennifer,Pennsylvania,2025-01-28
2,Brittany,Brown,gmccormick@example.org,(790)798-0307,Moralesburgh,North Dakota,2025-10-23
3,James,Mcintyre,hgibbs@example.com,001-599-824-7003x6491,Tapiaburgh,New Hampshire,2025-05-18
4,Suzanne,Zimmerman,patriciatorres@example.org,(489)415-0094x30361,East Johnathan,Maine,2025-02-02
5,Alexis,Solomon,kimberly01@example.org,001-523-641-2533x7476,South Natalieshire,New Jersey,2026-07-12
6,Marcus,Delgado,espinozaheather@example.org,206.458.9811x672,Valerieville,Delaware,2025-01-31
7,Brian,Hull,brandonburton@example.net,(205)263-9199x047,Kleinton,Tennessee,2026-01-31
8,Heather,Johnson,kyle34@example.com,001-859-562-5673x58108,North Nathan,Nevada,2023-10-30
9,Tammy,Moody,wendy24@example.com,5766903167,North Karla,Mississippi,2026-01-04
10,Amy,Allen,zmoore@example.com,+1-841-983-8353x53190,South Michaelville,Illinois,2026-03-02
11,Jake,Nelson,hollowayjenny@example.org,455.941.4554x559,Nathanland,Arkansas,2025-08-01
12,Rachel,Hernandez,zsnyder@example.net,+1-565-314-4047x822,Floresland,Virginia,2025-08-31
13,Timothy,Turner,millersheila@example.org,001-563-334-1557x927,West Nicole,Michigan,2025-07-31
14,Jeffrey,Cowan,evansmichael@example.org,001-919-723-2035x7597,Lake Peterfort,Ohio,2024-01-02
15,Hunter,Lawson,vrodriguez@example.net,(451)436-3657x6664,Lawrencehaven,New Jersey,2025-02-09
16,Gregory,Becker,jaredmcknight@example.net,001-703-536-5536x08634,Floresview,Vermont,2023-09-19
17,Felicia,Steele,michael93@example.net,001-432-394-5358x4009,South Victorchester,Tennessee,2023-10-06
18,Kevin,Riley,abigailfernandez@example.com,6968590838,East Brian,New Hampshire,2024-03-17
19,Kimberly,Smith,zachary58@example.net,(736)760-3310,North Davidshire,Vermont,2025-07-02
20,Kim,Gay,torresrachel@example.com,585-438-9869,South Richard,Alabama,2025-09-20
21,Michael,Fischer,sotobrandon@example.net,(366)989-2941x333,New Rebecca,Wyoming,2026-01-01
22,Katrina,Lawson,jacobscameron@example.net,5029664439,Brendastad,Nebraska,2025-01-18
23,Nicole,Cole,adam67@example.com,001-910-775-2704x525,Jeanetteview,Texas,2023-10-02
24,Mike,Lynch,kristen92@example.com,+1-396-793-1523x8603,Claudiashire,Texas,2025-03-09
25,Lawrence,Booker,david65@example.com,373.352.7044x55235,North Tonya,Arkansas,2023-08-07
26,Mackenzie,Levy,davisryan@example.net,+1-771-804-7121x784,Gregorychester,Arizona,2026-02-09
27,Lindsey,Perez,xsmith@example.net,978-810-8375x935,Millerside,South Carolina,2023-10-14
28,Kimberly,Davenport,christopherblair@example.net,(312)787-1256x255,Lake Amy,Oklahoma,2024-06-17
29,Marilyn,Fowler,adriancarpenter@example.org,(568)362-4241,Owensborough,Florida,2024-10-28
30,Carmen,Allen,lozanotheodore@example.net,001-531-289-3721x9082,Davidview,Iowa,2026-03-27
31,Dustin,Evans,samuel00@example.net,379-639-7501x61036,Eugeneport,Nebraska,2026-01-03
32,Holly,Lee,michaeljones@example.com,(289)340-1737,Brianshire,South Carolina,2025-09-13
33,Brandon,Chandler,hollylee@example.net,4305660325,Andrewston,Nevada,2024-07-15
34,Christine,Reynolds,rayisaac@example.com,+1-817-764-1845x46177,Joseland,Alabama,2024-07-04
35,Stephanie,Sanchez,davidmurphy@example.net,(756)220-2248x3618,Ronaldberg,Delaware,2024-08-27
36,Robert,Logan,elane@example.com,798-252-2614x582,Lake Christopherville,Indiana,2024-05-23
37,Jasmine,Stone,ramosbetty@example.org,688.923.9232,Zacharychester,New York,2024-12-14
38,Alexander,Perez,mitchelldanielle@example.net,001-285-689-5953x32461,West Nataliehaven,Arizona,2026-02-24
39,Craig,Austin,gordonjason@example.org,(970)962-5282x118,East Alexandra,South Carolina,2024-09-26
40,Rebecca,Sanford,xstevenson@example.net,558-330-3140,East Nicolas,Louisiana,2024-01-21
41,Pamela,Griffin,morganmarsh@example.net,543.771.1757,Jameschester,Pennsylvania,2024-06-01
42,Todd,Novak,bellkimberly@example.net,(722)693-1776x726,East Georgeport,Connecticut,2024-08-24
43,Kelly,Moreno,nancy21@example.org,3215659289,Johnfort,North Carolina,2024-04-29
44,Patrick,Finley,probinson@example.net,001-506-635-8999,Tinahaven,Minnesota,2024-08-21
45,Kyle,Joseph,bkemp@example.org,+1-711-744-1884x08272,Melindaport,Pennsylvania,2025-02-13
46,Dawn,Nichols,rhonda65@example.com,(287)962-0474,West Victoriastad,Minnesota,2024-06-21
47,Derrick,Hunt,perezryan@example.net,757-909-0515x37640,South Kristin,California,2025-11-24
48,Andrew,Tate,kevin63@example.org,+1-364-258-1888x084,Port Vanessa,Illinois,2025-10-26
49,Grace,Hanson,larry00@example.org,001-966-899-2185x9929,South Joshualand,Vermont,2024-12-18
50,James,Berger,gtaylor@example.com,6477692171,New Shannonhaven,Pennsylvania,2026-04-06
51,Troy,Whitehead,veronica48@example.com,(629)715-3420,New Sandrastad,Idaho,2024-01-11
52,James,Curry,wilsonlauren@example.net,690-616-8578,Lorifurt,Ohio,2026-03-03
53,Daryl,White,dylanjohnson@example.com,831-569-9714x14222,Port Kylebury,Ohio,2025-08-31
54,Maria,Johnson,paulamcdonald@example.org,480.835.7320x5031,Leeburgh,Maine,2024-01-08
55,Rebecca,Lucas,christy75@example.com,332-920-9067,Ashleyfort,Maryland,2023-09-24
56,Billy,Cunningham,uherrera@example.org,+1-522-993-3913,Lesliemouth,South Carolina,2023-11-14
57,Adam,Pratt,anthonyhodges@example.org,(581)715-0261x681,Port Alexisside,Nevada,2023-09-08
58,Robert,Sweeney,jason94@example.com,+1-884-486-5433x432,West Teresaland,Illinois,2024-03-06
59,Anthony,Walker,oroy@example.org,(818)626-7477x5576,South Paulmouth,Tennessee,2024-05-13
60,Kristine,Hale,julierodriguez@example.com,603-471-4029,Austintown,North Dakota,2023-10-17
61,Bobby,Turner,monicamiller@example.com,(689)533-8741x053,Thomasborough,Arizona,2025-09-21
62,Brad,Anderson,tonycarlson@example.net,(596)681-8260x80720,West Jenny,Kentucky,2023-10-28
63,Sheena,Hutchinson,nicholas14@example.net,542-807-1732x688,North Carmen,Iowa,2024-07-04
64,Kevin,Nelson,kellyrogers@example.org,(643)968-4010x7011,Port James,California,2023-11-30
65,Michael,Rios,brandi53@example.com,001-985-593-9726x6703,North Daniel,Maine,2024-06-18
66,Jessica,Duncan,parkercody@example.net,001-387-294-0258,Cervantesland,Ohio,2024-02-17
67,Robert,Moore,allisonrice@example.com,+1-739-447-4823x5982,Barronshire,Oregon,2025-04-08
68,Meghan,Moran,susan96@example.net,787-913-7276x873,Charlesfort,Alaska,2025-05-07
69,Evelyn,Williams,yweaver@example.com,(385)745-2510,Guzmanmouth,Tennessee,2024-06-02
70,James,Campbell,lorismith@example.com,+1-810-949-6626x206,Evansmouth,Indiana,2025-05-20
71,Crystal,Mcgee,fsullivan@example.net,001-598-423-1197,North Nicholas,New York,2023-11-18
72,Ryan,James,rcervantes@example.org,001-751-392-0261,Davisville,Mississippi,2024-01-23
73,Debbie,Knox,melinda03@example.net,304.666.0258,Mccallside,Michigan,2026-05-17
74,Jacob,Ferrell,alejandro01@example.org,378.699.4648x25844,Lake Charlesburgh,Minnesota,2024-04-24
75,Erica,Allen,murrayrachel@example.com,923.963.7746,Natalieside,New Jersey,2026-03-18
76,Troy,Fernandez,calvin07@example.com,(429)599-4851x711,East Maria,Nevada,2024-06-11
77,Sarah,Thornton,jeffrey30@example.com,351-828-7193x539,Peterland,Pennsylvania,2023-10-10
78,Andrew,Boyer,lisa10@example.com,(533)727-5421,Lake Jonathanton,Alabama,2024-07-09
79,Kenneth,Horn,maria96@example.com,001-884-415-7604,Alexandriamouth,Indiana,2023-08-31
80,Jerry,Clark,bshannon@example.com,(743)379-3889x0652,Mooreside,Alaska,2024-06-04
81,Jason,Carter,joshua11@example.org,264-550-5757,Lucasshire,Massachusetts,2026-02-03
82,Joseph,Jones,heather38@example.org,334.453.4148x098,Michaelland,Massachusetts,2024-06-24
83,Sean,Burke,fcannon@example.net,+1-882-787-1268x1075,New Joshua,Washington,2024-06-24
84,Megan,Rodriguez,davidlewis@example.net,753.726.6387x3834,Christinaport,Idaho,2025-02-08
85,Eric,Calderon,phillipturner@example.net,+1-788-622-6327x1063,New Stephanie,South Dakota,2025-05-23
86,Brian,Luna,michael88@example.com,(998)420-3571,East Dawnmouth,Maine,2025-04-21
87,Henry,Jackson,wesley53@example.com,468-229-4014x8972,Monicaberg,Pennsylvania,2025-06-21
88,Sharon,Holt,amyshelton@example.com,743.648.0211,Port Brendamouth,New Hampshire,2024-08-13
89,Pamela,Smith,keithfuller@example.net,453-513-5004,Hobbsburgh,Idaho,2024-06-02
90,Jessica,Weeks,cwiley@example.net,(516)903-8430,Rodriguezton,Oregon,2025-12-23
91,Christian,Gardner,kimberly13@example.net,(276)924-3134x8460,Jonesmouth,Montana,2026-06-11
92,Amy,Adkins,herrerahannah@example.net,213.629.7674x2221,Keithview,Michigan,2025-05-10
93,Kirsten,Hayes,jay05@example.com,532.369.6919,Lake Toddport,Wisconsin,2025-11-04
94,David,Hall,elee@example.org,(480)370-7610x116,North Marissa,Missouri,2026-04-06
95,Ricky,Foley,oyoung@example.org,982-479-7255x3872,Lake Kathleenland,Colorado,2025-02-22
96,Alex,Mcmahon,rmcdonald@example.org,215-706-6750,West Jasonland,New York,2023-12-09
97,Victoria,Lewis,yruiz@example.com,(298)350-2835,Port Matthewberg,Washington,2023-10-30
98,Victoria,Schroeder,holmescarlos@example.org,001-739-321-1092x026,Christopherburgh,Texas,2026-06-06
99,Michael,Clark,curtis86@example.com,402-381-5124x215,Carterton,North Dakota,2024-11-04
100,Rodney,Hammond,mpayne@example.net,818-671-8295x9310,New Mike,Wisconsin,2024-08-06
101,Bryan,Roberts,pattersonangela@example.net,901.894.1621,Michellefort,Maine,2024-04-22
102,Justin,Welch,saundersemily@example.net,507-786-2367x49404,Haileyburgh,Texas,2026-02-09
103,Eileen,Torres,jeffreygarcia@example.org,+1-928-362-8393x4668,South Suzanneland,California,2025-08-02
104,Miranda,Austin,michellegonzalez@example.org,(686)268-3235x1553,Pamelaville,Louisiana,2026-03-25
105,Kimberly,Moore,kristin87@example.com,230-982-9204x907,South Lisa,Rhode Island,2024-09-17
106,Jacqueline,Harrington,pricehaley@example.org,920.617.9407,South Justin,Georgia,2024-08-30
107,Casey,Miles,kmoore@example.org,+1-907-629-9217x96295,Whiteburgh,New York,2024-11-20
108,Joel,Crawford,srubio@example.net,881.993.3709x20593,New Danny,Nevada,2024-02-28
109,Beverly,Howard,joseph71@example.com,(354)975-8125x521,Maciaschester,Utah,2025-06-19
110,Arthur,Alvarado,mphillips@example.com,(235)748-2229x8675,Breannafurt,New Jersey,2025-10-03
111,Joseph,Cole,qcarter@example.org,944.549.3649,Santosview,Florida,2024-11-24
112,Ryan,Hart,michaelsmith@example.org,577.207.9837x27660,Roberttown,Texas,2025-02-12
113,Kevin,Smith,kevinguzman@example.org,8334043182,East Jamie,South Carolina,2025-03-19
114,Matthew,Aguilar,anthony78@example.org,586.351.4945,Dawsonhaven,Colorado,2023-08-07
115,Crystal,James,swilliams@example.net,001-937-735-3480x0870,Henryfort,New York,2026-07-21
116,Nicholas,Gomez,odyer@example.com,727.611.7486x852,Patriciashire,Utah,2023-10-23
117,Elizabeth,Jimenez,stephaniemiranda@example.com,615.429.6692,Lake Gregory,California,2026-04-15
118,Miguel,Mora,katherinebanks@example.com,3168814326,North Michelletown,Nebraska,2024-05-05
119,Michael,Kennedy,schneidermatthew@example.net,763.520.0667x4128,North Vanessaland,Virginia,2025-07-28
120,Michelle,Reed,susan18@example.net,841-665-6309x123,North Marie,Delaware,2024-12-27
121,Gregory,Ortega,kayleekane@example.com,+1-603-956-0974x9862,Morrisonshire,Pennsylvania,2024-12-09
122,Sarah,Francis,rbaker@example.com,287-897-3524x657,Richardstad,Vermont,2026-01-21
123,Christina,Ortega,wadams@example.com,877.884.2857x281,West Steven,North Carolina,2023-10-24
124,Hannah,Robinson,mitchellkatie@example.com,(609)220-5271,Isaiahburgh,Maine,2023-08-06
125,William,Franco,amcdonald@example.com,623-754-7736,North Sarahmouth,Kansas,2024-11-18
126,Chad,Gomez,leah21@example.org,674.384.1598,Ritashire,New Jersey,2026-07-03
127,Cody,Ramirez,ufreeman@example.com,(831)313-1501x82027,New Kurt,North Carolina,2024-05-05
128,Sherri,Sullivan,laguirre@example.net,807.696.0789x39952,Port Stevenhaven,Rhode Island,2023-08-16
129,Brandy,Gibson,dannylester@example.org,281.926.9128x697,Johntown,Arkansas,2026-01-31
130,Sharon,Stevens,hammonddavid@example.net,7203743673,South Derek,South Dakota,2024-11-03
131,Jacqueline,Martinez,andreamcintosh@example.net,(783)705-8533x17397,East Jillstad,Pennsylvania,2026-07-12
132,Ian,Edwards,lauren89@example.org,001-719-755-1067,South Jason,Wyoming,2025-10-26
133,Melissa,Johnson,floydjessica@example.org,7756390900,Harrisonborough,Arizona,2025-11-18
134,Keith,Lane,michele52@example.com,(379)655-9674x611,Kellyfurt,New Jersey,2025-05-07
135,Makayla,Murillo,robert82@example.com,001-905-332-9253,Maddoxville,Hawaii,2026-04-08
136,Emily,Forbes,tiffany16@example.com,429.849.7273x33877,Teresaborough,Texas,2025-01-17
137,Christopher,Kennedy,rebeccaclements@example.org,681-349-8343x406,Port Miguelfort,Iowa,2025-01-31
138,Jennifer,Lambert,pshelton@example.org,926-453-8721x192,West Kimberlyberg,Louisiana,2023-12-03
139,Andrew,Murphy,qhill@example.org,221-566-5404,South Christopher,Nebraska,2024-07-14
140,Christopher,Mcclure,michaelwashington@example.com,(264)609-6574,West Christopherchester,Virginia,2024-03-24
141,Misty,Thomas,willie77@example.net,001-852-894-1713x886,Port Jamesbury,Indiana,2025-10-27
142,Samuel,Campbell,aaronburgess@example.com,001-971-671-1416x48290,Brittanytown,Nevada,2025-09-24
143,Joseph,Andersen,lreese@example.org,+1-793-631-0299x005,North Jake,Idaho,2024-06-16
144,Haley,Guzman,thomasjacqueline@example.com,+1-487-595-2515x5352,West Mariahaven,Wisconsin,2024-01-20
145,William,Mcguire,christensenbrent@example.org,(693)623-6554x89420,Carrollfurt,Iowa,2024-01-25
146,William,Gutierrez,griffithshannon@example.com,6206118410,East Jasonmouth,South Dakota,2026-03-27
147,Brandy,Miranda,wmorris@example.com,(850)469-5630x4741,Stephanieburgh,Alaska,2024-04-08
148,Billy,Gibson,david59@example.net,745-841-7179,Emmaton,North Carolina,2024-10-22
149,Mary,Taylor,qclark@example.org,(988)796-3020x3535,New Ann,Kentucky,2025-12-13
150,Maria,Flores,amy17@example.com,+1-675-742-6401x420,Jordantown,Kentucky,2024-09-10
151,Lisa,Bennett,bestgordon@example.org,001-804-449-8343,Port Joelfurt,North Dakota,2025-05-22
152,Joel,Trevino,mcneilnicholas@example.com,+1-616-877-7433x41459,Port Christopherchester,South Carolina,2024-08-24
153,Jessica,Reeves,taylor07@example.org,001-206-303-9190x9274,Westside,New Hampshire,2026-03-20
154,Daniel,Wyatt,jeremy03@example.org,7447394599,Port Kaylabury,New Hampshire,2023-09-26
155,Tammy,Rodriguez,barnettmanuel@example.com,445-353-0930x383,North Codybury,Pennsylvania,2025-06-07
156,Stephanie,Strong,kelly65@example.net,856-694-6363,Pagemouth,Maine,2026-03-30
157,Christian,Tapia,iwalter@example.com,001-630-865-6381,Leechester,Wyoming,2023-08-19
158,Jessica,Clark,hcannon@example.com,+1-837-906-8890x0708,New Patrick,Indiana,2025-03-24
159,Joseph,Stephens,cheryl43@example.com,357-999-0544x73347,Blackbury,Washington,2026-02-24
160,Brian,Buchanan,don91@example.com,+1-660-510-2985x651,Lake Marcus,Virginia,2024-05-01
161,Janice,Lewis,mcoleman@example.net,+1-890-647-6277x796,Lake Amyberg,Ohio,2026-02-10
162,Carl,Fox,davidschneider@example.net,232.208.0065,Calhounside,Indiana,2024-08-13
163,Nathan,Morris,sherri81@example.net,571-565-0996x90331,Walterfort,Alaska,2025-10-20
164,Emily,Brown,mark37@example.net,+1-386-225-7970x1954,Port Stacystad,Vermont,2024-05-19
165,Matthew,Barnes,ashleywright@example.net,(379)769-1122,Port Jennifermouth,Alabama,2024-06-25
166,Megan,Anderson,connie44@example.org,+1-464-408-9179x6458,South Johnstad,New Jersey,2025-11-04
167,Richard,Rogers,leonardkaren@example.com,803.640.8126x78149,North Robert,Colorado,2024-12-15
168,Jacqueline,Rice,lisawest@example.net,457-965-3713,Port Kaylamouth,New Mexico,2025-11-05
169,Nicolas,Frazier,jroberts@example.org,885.532.7326x125,Bartonland,Nevada,2025-12-12
170,Joshua,Raymond,michele92@example.net,559-574-0682x379,Tonyshire,Virginia,2024-05-25
171,Denise,Matthews,edwardnolan@example.org,748-234-1193x8579,Cassandrashire,New York,2023-10-05
172,Frank,Wagner,harold16@example.org,592-204-2268x49828,West Miguelview,Arizona,2026-01-03
173,Heather,Thompson,brittanysanchez@example.net,001-454-378-6284,Powerschester,Colorado,2025-10-11
174,April,Craig,michaelgriffin@example.com,955-480-1635x5905,Simpsonchester,Virginia,2026-07-11
175,Regina,Cook,cooperdiane@example.net,567-857-2043x5005,Taylorstad,Alabama,2024-07-20
176,Anthony,Johnson,rgonzalez@example.org,+1-213-745-0243x5736,Jacobview,Maryland,2024-03-21
177,Emily,Jackson,walkerashley@example.net,351.357.4188x6552,East Carolyn,Louisiana,2026-03-24
178,Christopher,Ramos,tpeters@example.net,+1-325-573-1641,Graybury,Arkansas,2026-04-30
179,Susan,Eaton,brad93@example.net,390-471-1970x722,Crystalbury,Arizona,2025-04-15
180,Anthony,Davis,jimmykelley@example.com,(391)743-0122,Butlermouth,Nebraska,2025-04-23
181,Natalie,Smith,ecruz@example.com,+1-915-604-0820x4801,Lake Victor,Georgia,2025-08-23
182,Daniel,Moran,kellycarlson@example.net,394.305.7525x485,Gregoryborough,North Dakota,2025-04-18
183,Dylan,Perez,jmccall@example.org,411-929-7278x2564,South Shane,Kansas,2025-10-02
184,Cameron,Wilson,david96@example.org,692-628-0061x18740,Dennisbury,Connecticut,2024-02-14
185,Steven,Huffman,thomaslester@example.org,+1-386-732-5274,Tylerchester,California,2025-03-15
186,Jacob,Robinson,qmarshall@example.com,+1-410-255-7066x86725,North Jacob,Rhode Island,2024-03-06
187,Erik,Smith,castanedakurt@example.org,721.707.8485x498,Onealfurt,Florida,2023-10-16
188,Jerry,Frazier,kendrahale@example.com,+1-489-426-8473x6187,Jackside,Arizona,2023-08-17
189,Anna,Boyd,leah26@example.net,382-443-2967x015,East Jeremymouth,Nebraska,2024-08-14
190,Vincent,Smith,thomasgross@example.org,8965875581,South Taylorfurt,New Mexico,2025-09-18
191,Joshua,Perez,elizabethhardy@example.com,+1-786-896-2221x610,Benjaminville,Wyoming,2024-05-17
192,John,Lopez,kayla81@example.net,979-806-9861,West Jenniferfort,Kentucky,2025-05-23
193,Hayden,Crosby,katherineserrano@example.org,(641)352-7520x9376,Bellville,Michigan,2025-12-17
194,Erik,Davis,tschultz@example.org,(989)714-2194x12196,Donaldland,North Carolina,2026-05-24
195,Thomas,Ruiz,gjefferson@example.com,001-641-702-6031x227,West Justinborough,Missouri,2023-07-31
196,Donald,Thomas,anna54@example.org,(224)408-4757x31313,Port George,North Carolina,2025-12-19
197,James,Harrison,joseph15@example.org,(638)491-2951,Petersland,South Dakota,2024-01-14
198,Gregory,Ramirez,aaron61@example.com,001-466-533-3133x651,Andrewmouth,Texas,2025-04-25
199,Phillip,Taylor,kelly10@example.org,3999024047,South Nicoleton,Maine,2025-05-24
200,Steven,Estes,johnathanbrown@example.org,211.366.6679x434,Morganshire,Florida,2023-10-07
201,Rebecca,Lewis,yoderrobert@example.org,+1-698-242-2569,New Brendamouth,New Hampshire,2024-09-02
202,Brenda,Rice,hlove@example.org,+1-842-421-5859x191,North Jerry,Kentucky,2026-05-14
203,Laura,Mcgrath,johnsondavid@example.org,(461)396-9102x025,South Christopherton,South Carolina,2024-01-14
204,Jimmy,Fletcher,sarah94@example.org,679.262.0503,Lake Samanthaview,Alabama,2026-05-19
205,Maurice,Dickson,pwatson@example.net,991-595-9448,South Samuelshire,Delaware,2025-03-31
206,Amber,Davidson,jlester@example.com,9898802542,Deborahborough,Indiana,2024-04-26
207,Sarah,Green,harperandrea@example.com,(521)366-4140x454,Port Seth,Virginia,2025-03-17
208,Joseph,Johnston,shawnmorris@example.net,263-752-6321,Christystad,Illinois,2026-07-16
209,William,Davis,leslielee@example.net,589-471-0053,Vickiestad,Louisiana,2026-06-09
210,Erica,Cameron,claytonmorales@example.com,822-720-9931,Ryanmouth,Delaware,2024-03-30
211,Raymond,Shaw,jennifersilva@example.net,(907)714-8435x618,Kennethburgh,Nebraska,2024-03-22
212,Douglas,Turner,smiller@example.net,873-502-5724x58965,Port Jessicaside,Massachusetts,2024-01-12
213,Sandra,Sanchez,ashley30@example.org,(448)948-7607x3525,Kingfort,New Hampshire,2025-07-22
214,Sylvia,Clark,igoodman@example.com,+1-283-421-2659,Carolynborough,Kansas,2024-01-13
215,Howard,Gonzalez,kennethgallegos@example.com,001-578-802-6361x53410,West Jessica,California,2024-06-22
216,Shawn,Taylor,colemantimothy@example.org,849-937-0560x393,Robinsonton,Colorado,2025-08-13
217,Lance,Long,rickherring@example.org,9605439709,Aguilarchester,Nevada,2023-09-03
218,Steven,Carter,mgreene@example.org,696-844-5055,Shannonshire,Pennsylvania,2023-10-07
219,Felicia,Stone,derekdaniels@example.org,745.651.5145x1017,Grayport,Georgia,2024-09-27
220,Craig,Martin,tiffanysolomon@example.net,001-320-714-8888x108,Cindyport,North Dakota,2026-04-21
221,Lisa,Moore,qstein@example.net,949-298-6239,Craigport,Utah,2025-06-05
222,John,Rodriguez,drew54@example.com,+1-519-884-4380,Laurieburgh,Mississippi,2023-08-08
223,Daniel,Lewis,robert62@example.com,661.411.4736x5029,Fostershire,Maryland,2023-08-24
224,Kimberly,Howe,nathaniel69@example.com,001-816-774-1752x6208,Larsonshire,Connecticut,2025-09-06
225,Robert,Williams,brookeramos@example.org,775.424.3010,Rowechester,Massachusetts,2024-07-02
226,James,Cox,leblancsarah@example.com,+1-283-771-7683,Josephview,Florida,2024-08-21
227,Dorothy,Watson,christinesmith@example.net,7413859163,Jeffberg,Pennsylvania,2026-07-21
228,Tammy,Madden,wellsstephanie@example.com,+1-751-426-2615,New Douglas,Nevada,2025-10-03
229,Jeremy,Frey,joy27@example.net,(973)519-6744,Nancytown,Oklahoma,2024-09-29
230,Robert,Palmer,robertsmichelle@example.net,001-857-246-3186x483,South Andrewport,Iowa,2026-01-02
231,Bradley,Riley,brianblake@example.org,3872261207,Taylorshire,Mississippi,2026-03-27
232,Tony,Boyer,jessicawatkins@example.net,+1-757-460-3434x597,Garyfort,Hawaii,2026-03-10
233,Mary,Paul,williammiller@example.com,279.203.1584x536,Leland,New York,2026-05-03
234,Julie,Wagner,iwhitehead@example.net,855.230.8096x55537,East Davidview,North Dakota,2025-02-07
235,Amber,Guerrero,tony50@example.net,(501)950-9309,Billside,Idaho,2025-10-18
236,Olivia,Trujillo,gbenton@example.com,(597)956-9651,South Steven,Montana,2024-05-11
237,Matthew,Cunningham,jessicamurphy@example.org,(851)648-3847x14020,North Tyroneport,South Dakota,2025-10-18
238,Kenneth,Arnold,melissa47@example.com,616.671.5442,Novakland,Ohio,2024-01-27
239,Benjamin,Wright,adamsmark@example.org,+1-465-308-4868x347,Aaronside,Idaho,2023-11-04
240,Jeffrey,Aguirre,erinyoung@example.net,457-678-8965x263,Schmidtchester,Michigan,2024-06-08
241,Amy,Mcintosh,robertsrobert@example.net,883-703-2016x6809,Armstrongland,North Carolina,2024-11-11
242,Michael,Meyer,chloewalker@example.net,+1-934-299-7580,Isaacburgh,Connecticut,2024-04-05
243,Tara,Morgan,markwhite@example.org,388.538.6850x7720,Port Danielland,Washington,2025-06-04
244,Tiffany,Khan,jennifermoody@example.net,+1-410-497-3808x29978,Joannebury,New Jersey,2024-04-08
245,Tyler,Cole,aking@example.org,001-605-574-8419x4665,Martinezfort,Idaho,2024-12-27
246,David,Moran,brianareyes@example.net,(546)345-2777,Emmabury,Connecticut,2025-07-17
247,Summer,Davis,joshua31@example.net,4509112302,Morrisonbury,Nebraska,2025-11-26
248,Carl,Villa,johnsonveronica@example.com,7423993975,West Kaylabury,Vermont,2024-05-04
249,Christina,Johnson,sharonjones@example.net,9824484626,Rosetown,Missouri,2025-03-15
250,Kenneth,Mcclure,sthompson@example.com,(516)647-5551x018,West Jesseview,Tennessee,2023-12-13
251,Carol,Lopez,jonesrobert@example.org,635.307.7500,Rileyview,New Mexico,2024-04-13
252,Melanie,Hill,kaitlynbrooks@example.com,404-264-1207x391,North Samanthaport,Missouri,2026-05-11
253,Alexander,Knight,qsmith@example.net,+1-958-600-3883,Leachton,New York,2024-10-20
254,Thomas,Bell,rhale@example.com,001-637-935-9856x81409,West Danielle,Nebraska,2024-08-27
255,Andrea,Rodriguez,lauriemurphy@example.com,(444)432-8697,Mitchellborough,Tennessee,2025-10-06
256,Alex,Campos,matthewsgary@example.org,5087513059,Lake Kevin,Wyoming,2023-12-09
257,Natalie,Gonzalez,christianvargas@example.org,485-364-2188,Meyerston,Mississippi,2026-06-06
258,Jessica,Allen,hunternguyen@example.org,001-475-954-8918x534,Castilloberg,Rhode Island,2026-01-01
259,Rodney,Ingram,jadesmith@example.net,+1-276-951-3412x69376,South Jasmine,Montana,2025-07-01
260,Sherry,Ramirez,martinezdave@example.com,284.739.7353,Shelbyburgh,Connecticut,2026-06-19
261,Stacy,Ross,jordanalexander@example.net,638.487.1583x88664,Larrybury,Minnesota,2026-04-16
262,Matthew,Bishop,amandajackson@example.net,233.348.2445x13070,Odomtown,Massachusetts,2025-11-01
263,Mathew,Willis,jward@example.net,+1-609-455-8119x67248,Rebeccastad,Utah,2024-06-29
264,Daniel,Gonzales,mclaughlincharles@example.org,354.392.7644x12159,Wadebury,Utah,2026-02-10
265,Eileen,Williams,lauren75@example.net,523.432.3722x8719,New Michael,Wisconsin,2024-04-08
266,Heather,Harvey,mitchellwilliam@example.com,933.253.7059x6991,Jocelynbury,Vermont,2026-04-20
267,Jill,Baker,nsmith@example.com,366.572.7047x03651,Jenniferland,Idaho,2024-05-15
268,Michelle,Hamilton,ameyer@example.com,769-732-3817,Hallchester,Pennsylvania,2023-08-26
269,Alexander,Ford,nicole94@example.com,001-471-932-7302,New Courtneyview,Tennessee,2024-01-07
270,Jennifer,Thomas,ofranklin@example.org,685-809-3168x85522,New Patricktown,Montana,2023-11-15
271,Jennifer,Wolfe,lisabenjamin@example.com,773-902-0291x751,West Robin,North Dakota,2025-05-07
272,Heather,Wong,eric91@example.com,(574)587-9480x489,Munozmouth,Tennessee,2026-05-05
273,Charles,Morrow,austin65@example.net,001-845-944-9924x854,Lake Lindaport,Virginia,2026-06-22
274,Ashley,Robinson,hchavez@example.net,3238407209,Mcdonaldtown,New Mexico,2023-10-10
275,Stacy,Strong,brandonryan@example.org,+1-775-698-2325x46226,Markfort,Michigan,2026-01-25
276,Brian,Ware,dshaw@example.net,773.332.6817,Lake Katrinahaven,Pennsylvania,2026-07-28
277,Heather,Adams,xdavidson@example.net,6629439981,Rachelfort,New Jersey,2025-06-18
278,Devin,Hall,aaronterrell@example.net,9326180330,Butlerton,California,2024-03-16
279,Michael,Page,qdavis@example.com,4113729491,Port Bradley,Florida,2025-11-19
280,Dana,Montoya,michelle33@example.com,953-458-7050x105,Samanthaland,South Dakota,2024-07-29
281,Evan,Gallagher,iwong@example.net,251.505.4850,Joeton,New Hampshire,2026-06-27
282,Wendy,Harmon,matthew08@example.org,(541)790-4061x151,Lake Robinfort,Maine,2025-08-20
283,David,Reynolds,tevans@example.net,(653)487-2335,Karaside,Arkansas,2026-06-14
284,Jonathan,Smith,herrerajoanne@example.org,(326)470-5514x39988,East Angel,Missouri,2024-03-07
285,Bryan,Butler,victornorman@example.net,500-387-9850x4114,Tuckerview,Connecticut,2025-06-22
286,John,Rubio,nwilson@example.com,692.697.3476,New Zacharyshire,Wisconsin,2023-10-17
287,Kristin,Cherry,jenniferelliott@example.org,899.708.9544x598,North Patricktown,Alaska,2026-04-01
288,Michael,Berry,osbornelisa@example.org,(868)433-5926x68604,Barberburgh,North Dakota,2024-03-26
289,Daniel,Carson,robert63@example.net,001-597-471-8229x7727,Scottmouth,Texas,2026-02-04
290,Diana,Frederick,ihill@example.net,+1-862-275-3954x0040,North Joseph,Illinois,2023-09-22
291,Matthew,Oneill,leslie51@example.org,(845)602-5194,North Patricia,Vermont,2024-01-19
292,Lisa,Hoffman,jenniferodom@example.com,(455)412-9168x6008,Lake Michaelmouth,Arkansas,2025-04-25
293,Lisa,Lowery,aspears@example.net,+1-489-380-8696x2613,Hayesfort,Utah,2024-04-11
294,Jesse,Ramirez,laura50@example.net,615.408.4007x0311,Port Brandon,Washington,2026-06-25
295,Jessica,Walker,ptaylor@example.net,+1-879-921-1169x420,South Angelica,Alaska,2024-05-16
296,Melanie,Smith,udougherty@example.org,506-566-8860,Port Samuelton,Mississippi,2026-04-29
297,Nicole,Collins,logan28@example.net,+1-613-993-4981,Lake Jonathan,Vermont,2025-02-10
298,Sherri,Thompson,mosesmary@example.com,343-719-7158x82118,Lake Codyside,Delaware,2024-09-05
299,Michael,Mcdowell,yroberts@example.net,+1-634-336-0404x688,Lake Jennifer,Illinois,2025-11-13
300,Ryan,Scott,owilliams@example.net,260.964.5303,Zamoraville,South Carolina,2025-02-06
301,Jerome,Ortiz,wyattdiane@example.net,437.244.3639,North Wayne,Utah,2025-07-17
302,Jesus,Chase,christopherlittle@example.net,+1-467-533-7430x82340,Seanmouth,North Carolina,2023-08-20
303,William,Watts,dferguson@example.net,4036007055,Stevensfort,Iowa,2026-03-24
304,Darrell,Stewart,cassandra28@example.com,(767)468-3370x653,Taraberg,Oregon,2026-04-30
305,Tammy,Green,martin71@example.net,(661)881-6086,Thomasville,Virginia,2026-03-18
306,Angela,Grimes,harryreid@example.com,001-301-868-2818x0986,New Benjamin,Delaware,2024-06-10
307,Scott,Reynolds,jeffery77@example.org,001-211-453-7268x85733,Jacobton,Mississippi,2024-05-21
308,Gabriel,Peterson,james75@example.com,354.421.9567x28039,Klinebury,Wisconsin,2026-03-01
309,Joyce,Johnson,vincentlynch@example.org,357-439-0728,New Cassidy,Rhode Island,2025-10-24
310,Dennis,Anderson,tonya19@example.com,804.833.8869x277,Mitchellchester,Alaska,2024-05-31
311,Ryan,Drake,xhouston@example.com,+1-929-880-0988x71785,South Philipland,Texas,2023-08-05
312,Derek,Wilson,greensandra@example.net,7202810491,Davidfort,Connecticut,2026-07-01
313,Jason,Lee,carloshall@example.com,001-252-404-7393x6260,Hernandezberg,North Carolina,2023-08-24
314,Virginia,Kelley,susanhardin@example.org,8822660179,Port Marc,Rhode Island,2025-06-24
315,Todd,Gray,austin63@example.com,2485706683,Matthewview,New Hampshire,2024-07-25
316,Michele,Rivera,sparksthomas@example.org,(211)863-8130x20779,Lake Jennifer,Missouri,2026-05-02
317,Patrick,Williams,brittany24@example.org,707.276.1677x335,New Tylerburgh,Wisconsin,2025-02-22
318,Mark,Price,dana57@example.org,(597)508-0501x092,South Caitlin,Nevada,2025-07-12
319,Allison,Shaw,dylanbuchanan@example.com,+1-933-678-8471x96563,West Rachel,Delaware,2025-04-22
320,Tyler,Miller,brandi13@example.com,978-655-6884x2772,Maryview,Ohio,2026-04-27
321,Raymond,Mullins,garciasherry@example.net,(409)720-1423x494,Hopkinsport,Texas,2025-01-29
322,Samantha,Bautista,romancrystal@example.org,875-608-6100x661,Prattberg,Michigan,2026-01-31
323,Wanda,Carr,matthewschmidt@example.net,(370)322-7443x672,Martinfurt,Montana,2026-05-09
324,Dylan,Russell,sarah33@example.com,765-686-7016,Brownside,Nebraska,2024-11-16
325,Mark,Stokes,scottjeffrey@example.com,3359034695,Port Briannastad,Oregon,2025-09-22
326,Steven,Wilson,robertsmichael@example.org,725.830.9735,Lisachester,New York,2024-02-03
327,Megan,Curry,jacqueline00@example.net,900.313.2002,Schwartzside,Maine,2026-01-06
328,Michael,Scott,benjamin57@example.org,(426)777-7439x675,East Nicholas,Massachusetts,2025-01-15
329,Kristen,Forbes,scottlang@example.com,+1-740-822-7568x83166,Marcton,Missouri,2025-12-19
330,Annette,Hunter,wrightanita@example.org,4964310578,Hamiltonmouth,Utah,2025-08-13
331,Sarah,Williams,jasonsilva@example.net,463-611-8079,West Johnmouth,New Hampshire,2025-05-23
332,Michael,Thompson,jeffreymartin@example.net,458.212.0565x736,East Timothy,Tennessee,2024-07-04
333,Haley,King,tammy65@example.com,9606331628,Mooreview,West Virginia,2023-09-24
334,Donna,Mitchell,berrydana@example.org,648-534-0378,South Bradleyside,Delaware,2023-11-18
335,Emily,Haley,amy90@example.net,631-558-6208x63459,East Johnborough,Arizona,2025-09-26
336,Allison,Roberts,anthony74@example.org,2248914191,West Tina,Pennsylvania,2025-01-09
337,Patrick,Frank,wjones@example.net,001-818-952-9192x64142,Lake Jonathonfurt,Florida,2026-04-13
338,Adam,Ramos,victorwest@example.org,+1-279-448-1969x179,Dennisstad,Hawaii,2025-07-11
339,Eric,Rodgers,holtjames@example.net,(981)451-5613,Cesartown,Ohio,2023-11-03
340,Shawn,Lutz,shelley13@example.net,835-838-8488x327,Scottmouth,Ohio,2024-11-08
341,Nicholas,Mcdonald,cassandradavis@example.net,(944)947-3529,Karenview,Ohio,2026-06-13
342,Joshua,Holmes,amandataylor@example.net,8459302491,North Diana,South Dakota,2026-03-04
343,Stephanie,Valdez,morgan51@example.net,622.813.3537x402,Christianstad,Montana,2024-01-30
344,Stephanie,Flores,amanda38@example.org,639-920-6427x19478,Deborahchester,Virginia,2026-03-02
345,Kimberly,Pearson,joshua99@example.org,936-875-8088x986,Huntstad,Michigan,2025-02-14
346,Raymond,Ford,wwiggins@example.com,+1-863-562-6828,Lonnieborough,Indiana,2023-08-01
347,Zachary,Gay,wolfjessica@example.com,(464)692-1197,Donnaville,Colorado,2025-01-18
348,Nicolas,Matthews,jennifer74@example.com,+1-421-684-0054,Scottberg,Kansas,2024-06-15
349,Charles,Kelly,renee40@example.com,(388)651-1147x7235,East Susan,New Mexico,2023-09-01
350,Michael,Ball,jonathannguyen@example.org,761-979-6566x741,Wendyfurt,Washington,2025-04-09
351,Meghan,Prince,wilsonrachael@example.org,637.582.2807,Dianeborough,New Jersey,2024-11-03
352,Luis,Bryant,shepherdpatrick@example.org,839.433.7794x04416,Shafferview,New Mexico,2024-08-02
353,Robert,Brown,myersamanda@example.org,+1-337-795-7161,West Georgeton,Michigan,2025-07-03
354,James,Estrada,fbautista@example.org,384.792.9476x880,Bushton,South Dakota,2025-04-15
355,Jessica,Barron,kirbymatthew@example.net,+1-455-283-5585x86074,Cynthiafurt,Connecticut,2024-07-12
356,Tracey,Kemp,laurawells@example.org,390.599.8100,Mirandafurt,Idaho,2023-09-09
357,Annette,Tapia,theresa59@example.com,826.471.2263,Lake Sheriside,Iowa,2023-07-30
358,Kara,Thomas,tsimmons@example.com,222.518.7915,Lyonsmouth,Virginia,2025-12-06
359,Tara,Brown,hannah65@example.net,742-715-0594x71130,Jordanshire,Washington,2025-06-16
360,Jonathan,Johnston,hutchinsonnatalie@example.org,705-459-7300,North Georgeside,Louisiana,2026-03-23
361,Andrew,Rodriguez,mendozascott@example.org,(884)678-7891x988,Kellerside,Utah,2025-11-23
362,Scott,Jones,hernandezbrittney@example.org,(444)705-6392x213,West Annashire,Nevada,2026-06-06
363,Matthew,Mills,jeremywong@example.com,(355)527-2273x335,Mejiamouth,Massachusetts,2026-05-07
364,Mary,Smith,barrymichael@example.com,932.933.1009x08861,Mooreshire,Nevada,2024-07-05
365,James,Taylor,kimberlywilliams@example.com,448.941.1919x193,Christopherborough,Kansas,2025-07-15
366,Vanessa,Lewis,ubruce@example.com,288-507-4431x8087,Randallborough,Illinois,2024-07-08
367,Nicholas,Wilson,mooresteven@example.com,001-427-801-8408x28707,Port Marieside,Virginia,2024-08-16
368,Amanda,Russell,nelsonroy@example.net,+1-216-985-8912x40813,Port Davidside,Oregon,2025-08-28
369,Jeffrey,Valdez,davidcardenas@example.net,939-752-1762x137,Ryanport,Vermont,2024-01-25
370,Yolanda,Boyd,ogalvan@example.org,413-976-5442,Port Lisaborough,Colorado,2026-07-28
371,Donald,Duncan,kevinsmith@example.org,855-517-9237,West Nicole,Wyoming,2025-05-31
372,Courtney,Cook,vwaller@example.org,908-673-9544,Smithberg,Connecticut,2026-01-26
373,James,Marshall,campbellamanda@example.net,(827)449-5314x0649,New Linda,New York,2025-05-29
374,Tracy,Williams,harolddouglas@example.com,001-817-476-6707,Evelynport,Texas,2026-05-28
375,David,Clay,jacquelinebarber@example.net,553.350.2570x292,Murrayborough,Tennessee,2025-04-14
376,Michael,Hale,alexandratorres@example.org,(761)719-7430,Terriland,Arkansas,2024-04-29
377,Bryan,Martinez,lewisgina@example.org,(599)874-6074,Williamsstad,Florida,2024-02-10
378,Chase,Sanford,katherinebenton@example.net,242.986.9609x268,Cameronborough,Virginia,2024-07-20
379,Patricia,Schmitt,anthonymark@example.com,001-688-591-4218,New Wesleyview,Oregon,2026-05-03
380,Kelly,Franklin,powellrebecca@example.net,366.985.6780x108,North Michellemouth,Kentucky,2025-11-07
381,Tammy,Anderson,michelle80@example.com,001-303-459-4427,Dorothyville,Rhode Island,2024-02-05
382,Isaac,Johnson,josephdouglas@example.com,587.702.0426,Anthonyborough,Oklahoma,2026-01-29
383,Cory,Fox,debra86@example.com,387.243.4492,Port Kathleenfort,Hawaii,2023-12-22
384,Steven,Welch,roberto77@example.org,827.941.9291x0464,Potterborough,Nebraska,2026-03-10
385,Robert,Garza,melodyhart@example.com,(825)902-8724,Russellborough,Nebraska,2025-10-09
386,Melissa,Barron,pmcgrath@example.org,728.782.4840,Alishamouth,Alabama,2025-10-11
387,Mark,Garrett,fmiller@example.net,745-381-7533x2987,Doughertyfort,North Dakota,2026-02-11
388,Debra,Dalton,douglasnelson@example.net,499-227-9382,Murphyhaven,Maryland,2025-12-11
389,Monica,Hodges,ahouse@example.com,001-419-234-8913x38129,Dennisberg,North Dakota,2025-07-15
390,Rebecca,Wells,james27@example.org,826-893-3573,Nicoleshire,Louisiana,2024-08-07
391,Joshua,Berg,loretta63@example.com,001-776-426-6931,Lake Kristenbury,Texas,2024-10-01
392,Robert,Bradley,youngjulie@example.org,(733)879-0975x718,New Donnatown,South Dakota,2025-02-10
393,Kari,Holmes,wnicholson@example.org,(874)907-9296,East Richard,Wyoming,2025-08-15
394,Austin,Garcia,zburke@example.net,(747)640-3543x3872,Johnsonville,Wyoming,2026-03-12
395,Kimberly,Smith,steven39@example.com,(397)826-0523x461,Deborahberg,Washington,2024-10-16
396,Justin,Stevenson,johnathanortiz@example.net,+1-556-996-8599,Davidhaven,North Carolina,2025-03-08
397,Vickie,Miller,adam74@example.com,285.380.0123x7904,East Robertview,Virginia,2026-01-31
398,Joseph,Hogan,stephenclark@example.net,+1-863-455-3125,Williamview,Delaware,2025-12-17
399,Adam,Sanders,allenshawn@example.com,9019743877,Riverafurt,Kentucky,2025-04-05
400,Anthony,Flynn,carlmendez@example.net,(515)606-1464x03482,Andersonside,Wyoming,2024-10-11
401,Jeffery,Ruiz,wesley32@example.com,904-503-3614,West Sarah,Illinois,2026-01-14
402,Gregory,Zimmerman,paulmartinez@example.net,622.981.1358,Andreaville,Florida,2024-10-15
403,Zachary,Osborne,ybarr@example.com,688.885.6918,Davidberg,New Mexico,2024-06-18
404,Caleb,Deleon,kathypatterson@example.net,(432)795-5592x21377,Laceyport,Washington,2025-10-04
405,Darrell,Walker,felicia58@example.com,931.370.5819x90821,Spearsstad,Arizona,2025-02-08
406,Kelli,Russell,martincynthia@example.org,616-480-1579,Calvinview,Utah,2024-04-04
407,Amanda,Alvarez,david53@example.com,6459509430,North Walterview,Ohio,2024-04-20
408,Michelle,Bishop,lynn12@example.com,931.498.7824,Patelville,Iowa,2024-02-01
409,Lisa,Young,norma19@example.net,+1-524-261-8228x606,East Morganton,Indiana,2023-12-03
410,Thomas,Padilla,theodoregross@example.net,(720)420-8308x880,Davidbury,Arizona,2025-03-09
411,Terrance,Brown,wstephens@example.com,313-616-7278,Vasquezfurt,Massachusetts,2025-03-10
412,Rebecca,Rodriguez,markdiaz@example.com,+1-547-849-1003x813,Lake Jay,North Dakota,2025-09-16
413,Carrie,Conway,richardwright@example.net,001-534-745-2020,Manningshire,Tennessee,2025-02-19
414,Alan,Cooper,adrianarodriguez@example.org,618.659.5628,Williamton,Virginia,2024-07-02
415,Mary,Hampton,daisy24@example.com,(592)287-2584x07997,South Justin,Mississippi,2024-05-21
416,Karen,Jones,allendaniel@example.com,+1-778-939-8847x830,Kellyshire,South Dakota,2025-02-02
417,Christopher,Todd,cbailey@example.org,870.832.9639x1854,South Aaron,South Carolina,2025-11-11
418,Benjamin,Wright,hbradley@example.org,+1-797-761-7448,Ericstad,Florida,2026-03-27
419,Melissa,Rodriguez,zachary20@example.com,682.828.2280x221,Deannaburgh,Missouri,2024-07-26
420,Sheila,Thompson,chenrobert@example.net,001-488-416-5803x44508,Thompsonhaven,Alaska,2026-07-23
421,Randall,Adkins,galvanrenee@example.net,001-312-234-7687x617,South Leah,Louisiana,2024-04-09
422,Sara,Hoffman,jessicachen@example.net,6249781019,Clarkmouth,Washington,2024-08-11
423,Chloe,Brown,robert28@example.net,417.818.5313x650,New Angelaburgh,Maine,2024-09-02
424,William,Bowen,carly40@example.org,427.526.3679x271,Port Christine,Wisconsin,2023-10-01
425,Tiffany,Wong,mitchell15@example.com,001-532-309-0790x80443,Brettstad,New Hampshire,2025-02-16
426,John,Suarez,dbriggs@example.net,+1-518-790-7991x958,North Todd,Arizona,2024-11-25
427,Jorge,Thompson,curryjennifer@example.org,+1-854-432-6864x2726,South Michelleport,Wyoming,2024-09-23
428,Eric,Fuentes,ycruz@example.com,(354)204-9381x744,Lake Kayla,South Dakota,2025-04-14
429,Gavin,Kelley,hwest@example.org,226-851-2275,Aaronborough,Maryland,2026-03-21
430,Kristine,Rodriguez,cherylchurch@example.org,539.697.7181,South Connor,Montana,2024-02-23
431,James,Tanner,wongtammy@example.net,(539)629-2673,Lorifort,Vermont,2024-10-02
432,Taylor,Shaw,mitchell67@example.com,(388)213-4223,Lake Rachelberg,Hawaii,2024-03-02
433,Michaela,Bailey,stevenjones@example.org,+1-693-588-6100x0893,Port Diana,Mississippi,2024-07-01
434,Michael,Chavez,greenmorgan@example.com,001-218-315-6252x650,North Stevenmouth,Nebraska,2025-04-03
435,Eric,Fox,simpsonkenneth@example.org,(250)276-9600x9734,Sheilashire,Missouri,2025-06-19
436,Susan,Kaufman,thompsonbrian@example.net,871.407.5735,South Jefferyville,California,2025-06-25
437,Chelsea,Vaughn,dennis08@example.net,(760)727-8363,New Amy,Georgia,2025-02-13
438,Stephanie,Leach,kgarcia@example.net,889.373.6025x0786,East John,Delaware,2024-01-12
439,Jennifer,Atkins,leslie09@example.com,001-550-304-8213,East Howard,Oregon,2024-07-04
440,Matthew,Huff,csloan@example.org,521-603-7235,Jonesfurt,Connecticut,2024-07-02
441,Kevin,Taylor,lopezrose@example.com,992-732-1359,Franciscobury,Kansas,2024-01-06
442,Gloria,Howard,pgarcia@example.net,001-253-968-7498,North Noah,Wyoming,2024-04-19
443,Joann,Walker,debra39@example.org,935.386.5280,Hamiltonchester,Maryland,2023-12-21
444,Amber,Zimmerman,mary94@example.com,+1-238-482-6212,Davidfort,New Hampshire,2025-06-06
445,Ronald,Williams,joseph73@example.com,(499)347-3198,Longshire,New Jersey,2023-09-17
446,Angela,Harvey,williamsaaron@example.com,253-492-2214x8245,Lake Johnside,Delaware,2025-04-03
447,Julie,Turner,lyonskatherine@example.org,6244397732,North Toddburgh,Virginia,2023-07-30
448,Jared,Hancock,judithbennett@example.org,221-852-1000,South William,Michigan,2024-11-25
449,Jessica,Lewis,sbaker@example.org,+1-327-365-4272x23477,Justinhaven,Iowa,2026-05-11
450,Tiffany,Ingram,yjohnson@example.com,604-751-0662,New Brandonville,Ohio,2026-07-07
451,Joshua,Peterson,heathermorgan@example.net,001-948-760-5388x8468,Port Lindsaymouth,New Hampshire,2023-11-29
452,Terrance,Hunt,travishendricks@example.org,461-387-6862,North Chadtown,Missouri,2025-06-27
453,Michelle,Ramos,sheri46@example.net,(658)565-3999x36059,Smithshire,Florida,2025-11-29
454,Kelly,Hodges,allison88@example.org,316.926.0471,Biancamouth,West Virginia,2026-04-10
455,Anne,Richard,daledavis@example.org,325-949-3192x2953,Lake Cynthiaborough,Louisiana,2024-11-25
456,Thomas,Myers,robertnolan@example.com,+1-724-903-3769x4898,South Ashley,Massachusetts,2026-01-18
457,Shawn,Davis,bellmegan@example.org,+1-852-583-1671x8421,South Melanie,South Carolina,2025-01-21
458,William,Colon,ujohnson@example.org,001-903-941-9106x74825,Oscarborough,Arkansas,2023-11-28
459,Gina,Lam,stanleyashley@example.com,(987)842-3334x8065,Rodriguezmouth,New York,2023-09-26
460,Jessica,Coffey,andrewpotter@example.org,001-812-602-3904x50648,South Richard,New Mexico,2024-07-28
461,Wendy,Walker,littlekatelyn@example.com,+1-532-710-1753,Lake Willieside,South Carolina,2025-01-18
462,Abigail,Hickman,hroach@example.net,231-861-4688,Manningstad,Tennessee,2026-05-20
463,Jamie,Ramsey,matthewwhite@example.org,886-484-9659,Michaelhaven,Washington,2024-03-02
464,Tara,Keith,theodore29@example.net,348.725.6053x41458,Jamesport,Nebraska,2024-06-23
465,Regina,Schultz,joannawolf@example.net,(704)408-9130x7334,Vazquezville,New Mexico,2025-05-13
466,Maria,Rowe,judy15@example.net,001-696-903-5122,New Justin,Washington,2026-01-25
467,Isaac,Tucker,natasha17@example.org,001-438-222-5239x154,New Phillip,Nevada,2024-07-03
468,Megan,Lopez,ocunningham@example.com,371-460-9362,Perkinsside,Texas,2023-12-12
469,Michele,Butler,chardy@example.org,(528)997-3272,Joneshaven,Minnesota,2025-08-14
470,Brittany,Wiggins,gsmith@example.org,366-851-5543x29210,Watsonville,Montana,2025-06-23
471,Dylan,Hogan,kmaynard@example.com,001-773-943-3800x27682,Donaldbury,Arizona,2024-10-11
472,Amy,Martin,beverlykelly@example.com,001-605-637-2873x895,Lake Micheal,Minnesota,2026-06-03
473,Karen,Richards,usanchez@example.com,2159655657,Emilyburgh,Mississippi,2026-06-25
474,Brent,Palmer,hartmantyler@example.org,(382)249-4058,New Christopher,North Dakota,2025-01-26
475,Gabriella,Walker,tmorrison@example.com,(652)454-6777x82459,Zimmermanfort,Alaska,2023-12-23
476,Melissa,Hale,jackfoley@example.org,759.452.1312x39254,West Gordonville,Maine,2024-09-19
477,Jason,Lopez,pinedaedward@example.com,417-971-5499x000,Nelsonborough,Minnesota,2024-05-08
478,Amanda,Braun,tanyamitchell@example.org,300-553-4753,Port Sandrachester,Pennsylvania,2026-04-04
479,Kyle,Powell,brandi53@example.org,+1-889-757-8362,Allenville,North Dakota,2024-08-10
480,Nancy,Allen,amoore@example.com,705.985.1047,South Tyler,Arkansas,2025-06-20
481,Kristina,Barr,kellylee@example.net,001-407-828-5894x85420,Charlesland,Texas,2025-02-07
482,Zachary,Bass,llamb@example.net,438.852.7212,South Calebshire,Illinois,2024-03-25
483,Todd,Snyder,medinadaniel@example.com,(764)327-3297x050,Williamport,Iowa,2024-05-06
484,Mario,Wiley,williamprice@example.net,+1-282-770-8175,Port Brandi,Kansas,2024-11-14
485,Rebecca,Williams,stephanie16@example.org,(976)709-1135,South Lindaton,North Carolina,2026-05-06
486,Jacob,Washington,troy76@example.net,001-203-880-8025,Lake Dianeton,Illinois,2023-08-12
487,Lori,Terrell,samanthajordan@example.com,+1-359-713-6303x123,Sarahton,Nevada,2023-09-26
488,Michele,Berger,ikelley@example.com,(540)858-3511x3484,Romeroland,West Virginia,2023-10-21
489,Michelle,Douglas,holdermark@example.net,848-691-2145x1423,South Jasonstad,Tennessee,2024-06-21
490,Mary,Murphy,chaveznancy@example.com,001-976-740-2297x069,Hillton,New Mexico,2024-11-09
491,Taylor,English,davidfrazier@example.net,7629636281,East Amanda,Idaho,2023-10-18
492,Danielle,Gomez,salasrobert@example.net,993.394.7930,East Nathanielchester,Ohio,2025-08-10
493,Charles,Hunt,joneill@example.net,001-795-278-3955x69602,Josephtown,South Dakota,2025-02-11
494,Erin,Gaines,sarahjames@example.org,696-923-1827,Bentleyfurt,Delaware,2024-03-10
495,Jessica,Velazquez,gregory87@example.org,001-739-482-8765x80302,Gillespiemouth,New York,2025-04-24
496,Darlene,Goodwin,donaldfarrell@example.com,674.427.0928x984,Jamesburgh,Florida,2024-09-25
497,Dennis,Burns,jonesmichele@example.net,(481)893-4901,Gregoryberg,Virginia,2025-04-26
498,Rodney,Andrade,harrisonangela@example.net,991.240.9723x7854,North Cassandra,Illinois,2025-11-16
499,Samuel,Gomez,michaelbrown@example.net,835.844.4967,West Michael,Rhode Island,2026-05-13
500,Erik,Evans,kcasey@example.net,449-860-5291,Heidimouth,Arizona,2024-12-26
501,Samuel,Lee,qhunt@example.org,486-252-9496x7607,Chaneyhaven,Virginia,2024-03-23
502,Lisa,Novak,bradyjennifer@example.net,584-473-8837x915,Port Arielside,West Virginia,2025-07-07
503,John,Everett,mcclainmatthew@example.com,(452)770-3325x2302,New Lauraborough,Nevada,2026-06-11
504,Richard,Holloway,jenniferhenderson@example.com,001-945-806-5569x2734,North Paul,Virginia,2024-10-01
505,Amanda,Anderson,katie23@example.org,(752)973-7408x388,Mcintyrebury,Kentucky,2025-04-11
506,Tony,Williams,brandoncook@example.com,391.206.9999,South Danielborough,Idaho,2024-10-15
507,Tony,Baker,craigamy@example.net,932.743.3820x898,Vincentborough,Utah,2024-03-20
508,Joseph,Rodgers,johnwagner@example.net,670-872-1679,North Louis,South Dakota,2026-04-14
509,Frank,Rodriguez,jrogers@example.net,(878)491-0261,North Katie,Virginia,2024-04-16
510,Lisa,Chandler,christopherjones@example.org,469-975-4971x373,Nolanberg,Illinois,2024-08-14
511,Howard,Robinson,amandawalsh@example.org,001-949-526-2635x9571,South Amanda,Alabama,2024-03-29
512,Sylvia,Myers,angelaorozco@example.com,(939)670-8821,Jasonchester,New Hampshire,2025-10-23
513,Ricky,Terry,robertsonbrian@example.com,001-870-568-7892x0048,North Karen,Kentucky,2024-11-28
514,Jeanne,Marsh,amy56@example.org,256-212-1170,Leeport,North Dakota,2025-10-24
515,Angela,Watson,jtaylor@example.net,+1-391-993-7720,Leslieshire,Nebraska,2026-07-23
516,Stefanie,Hayes,gfowler@example.net,783-578-5284x880,South Michelleside,Alabama,2024-12-19
517,Julie,Manning,mdickerson@example.org,7644555285,Sarachester,Ohio,2024-12-20
518,Cindy,Davidson,woodsmorgan@example.com,8467424999,Hopkinstown,Florida,2026-04-02
519,Alison,Sherman,vlee@example.net,001-411-533-6681x66038,Stephaniestad,Maine,2025-09-08
520,Anthony,Brown,thompsoncolleen@example.org,(826)539-5427x07911,Wilsonside,Delaware,2025-12-16
521,April,Kelly,colepugh@example.com,532-573-8657x250,Jodifurt,New Mexico,2026-07-06
522,Kenneth,Coleman,marysweeney@example.com,804.922.5224x01092,Barkerfort,Wisconsin,2024-01-07
523,Kimberly,Jacobs,hholmes@example.org,603-744-8171x6382,Harrisonchester,Vermont,2025-07-03
524,Lauren,Williams,nicholas34@example.net,309-236-9649x38589,South David,Virginia,2024-07-15
525,Samuel,Hughes,bjackson@example.org,001-826-686-6286x9637,Michaelland,Virginia,2023-09-17
526,Nicholas,Gould,tstanton@example.net,221-255-6683x771,Andrewtown,Alabama,2025-01-29
527,Gwendolyn,Benton,washingtonmaria@example.com,529-939-6261x66334,South Susanfort,Nebraska,2025-06-29
528,Sarah,Thomas,christopher92@example.com,001-872-561-4437x716,Pamelaburgh,Wyoming,2023-10-23
529,Darlene,Smith,zmason@example.com,966.424.5813x81242,South Darrylberg,Colorado,2025-11-05
530,Paula,Bender,kevinrivera@example.org,320-595-3652,Ashleyside,West Virginia,2024-10-19
531,Christopher,Rodriguez,jessicamckinney@example.org,959.296.4781x62063,North Todd,Maryland,2024-02-18
532,Crystal,Ramirez,william57@example.com,761-552-9260x515,Andersonborough,Wisconsin,2024-09-04
533,Charlotte,Burns,richarddouglas@example.net,001-817-777-2016x8343,Cynthiaberg,New Hampshire,2026-07-02
534,Kim,Martin,nbrooks@example.org,958.933.1341,Shieldsberg,New Hampshire,2023-11-11
535,April,Evans,debra28@example.com,740-458-3001x757,Torresmouth,Washington,2025-03-07
536,Michael,Wilson,ohale@example.org,(456)716-4628x4532,New Rogerton,Montana,2026-01-14
537,David,Johnson,kevin08@example.com,001-394-488-3467x2032,West Ryanton,West Virginia,2025-12-15
538,Katie,Brown,wilsonfrederick@example.org,001-272-961-5527x27293,Darrenmouth,West Virginia,2024-03-10
539,Julie,Jones,lisamyers@example.org,6296211122,North Karen,Vermont,2023-11-11
540,Thomas,Young,qclark@example.net,524.253.1207x31313,Michaelview,Connecticut,2025-06-28
541,Brent,Wilkins,christopher50@example.org,867-463-4550x1682,Lake Katrinaborough,North Dakota,2024-04-02
542,Courtney,Combs,foxmegan@example.net,396-727-0584x612,Chavezburgh,Michigan,2025-06-12
543,Kathryn,Stephenson,mckaydiane@example.com,211.471.6386x6131,Jasminport,Maryland,2024-09-25
544,Willie,Scott,brittany34@example.org,887.942.1640x28647,West Ryanton,Pennsylvania,2026-05-17
545,Veronica,Martin,edwardssandra@example.org,+1-981-584-8989x33963,Josephfort,Louisiana,2026-04-14
546,Samantha,Hale,jessica75@example.com,(972)527-6007,South Austin,Nebraska,2024-09-18
547,Michael,Butler,rebeccacarter@example.com,835.308.6114x31818,Annport,Florida,2025-08-24
548,James,Bradshaw,monicahines@example.org,(955)372-6546x113,Port Joshuamouth,Idaho,2026-02-13
549,Troy,Lopez,bairdwarren@example.com,(664)916-7427x2114,Port Alexandratown,Wyoming,2023-12-21
550,Bradley,Mora,philip71@example.com,644-990-4593,South Jonathanville,New Mexico,2024-03-27
551,Cindy,Holloway,nancydudley@example.com,584-885-5693x96526,Jasontown,Tennessee,2024-10-14
552,Nicholas,Alvarez,underwoodjamie@example.com,440.442.5652x5334,Port Anthonymouth,Kentucky,2026-01-08
553,James,Diaz,rodriguezdesiree@example.org,001-849-918-3482x023,Port Shelly,Illinois,2023-08-12
554,Carolyn,Carroll,hritter@example.com,+1-982-903-3886,Zimmermanmouth,Vermont,2024-09-01
555,Bianca,Lucas,jorgeingram@example.org,547-459-0777x6682,Lake Marymouth,Illinois,2024-01-05
556,Sarah,Burns,tannerjohn@example.net,001-948-716-3127x4704,North Kimberly,Delaware,2024-07-09
557,Dennis,Murphy,sarah91@example.org,668-304-5237x0891,Anthonyton,Colorado,2024-01-07
558,Rebecca,Thompson,whitemitchell@example.net,001-577-576-8465x450,Danielleville,Utah,2026-07-10
559,Diana,Stevens,michael15@example.com,001-924-778-0200x869,Theresaview,Georgia,2025-07-07
560,Emily,Guerrero,whitedawn@example.org,690-693-4473x229,Thomasview,West Virginia,2024-05-09
561,Jose,Atkinson,reyesdavid@example.net,(812)804-2549,West Robinland,Pennsylvania,2024-08-09
562,Jeremiah,Thomas,renee53@example.org,774-340-6890x7373,Nixonland,Delaware,2024-07-01
563,Rebecca,David,daltonhannah@example.org,925-445-0994,Hendrixside,Delaware,2025-03-01
564,John,Cortez,jmendez@example.net,2684515662,Pooletown,New Hampshire,2024-01-02
565,Joseph,Allen,george71@example.org,(926)973-8344x0836,East Tara,Nebraska,2024-11-09
566,Kathleen,Erickson,johnbutler@example.org,(278)918-7990x8226,Marcside,North Dakota,2023-09-15
567,Linda,Lee,davisjennifer@example.net,242-266-9873,Whiteheadmouth,Tennessee,2023-10-15
568,Robert,Vargas,elizabeth05@example.net,281.826.0210x205,West Nicholasberg,Maine,2025-12-10
569,John,Frazier,zamoratony@example.net,(405)965-4117x989,Stanleychester,Massachusetts,2023-12-03
570,Larry,Fox,kjones@example.org,(462)450-7595,New Ashley,North Dakota,2024-10-03
571,Sara,Smith,selena24@example.org,(265)356-7539x990,Wardbury,Michigan,2024-11-08
572,Whitney,Mathis,jose38@example.com,246.966.9659,Johnsonstad,Arkansas,2025-07-01
573,Tiffany,Schmidt,rachelwong@example.net,572-286-2007x6205,Richardside,Arkansas,2025-09-16
574,Kurt,Bell,lisaserrano@example.org,(853)317-0257x9582,South Cathyview,South Carolina,2025-07-25
575,Christine,Beard,kristina90@example.net,(707)983-2245x77030,West Elizabethstad,Utah,2026-06-23
576,Joseph,Hodge,tvincent@example.net,984.666.1227x354,Richardshire,Massachusetts,2025-06-25
577,Patricia,Farrell,johnsonsandra@example.org,936-336-1930x901,Sarahmouth,Arizona,2026-02-09
578,Kylie,Duncan,nixondonna@example.net,846-699-7050x6008,Edwardborough,Rhode Island,2023-09-27
579,Kathleen,Waters,jordanwhitney@example.org,(533)369-7555x8548,Angelachester,New Jersey,2025-09-30
580,Dana,Bailey,tyler16@example.net,777-502-6599x9703,Lake William,Nevada,2025-08-20
581,Amanda,Hernandez,morrisonmegan@example.com,+1-916-498-9448,North Paula,New Jersey,2023-10-31
582,Kristy,Lane,grich@example.org,001-284-908-4087,Port Amy,Indiana,2024-03-18
583,David,Petersen,garciakevin@example.net,(279)809-8585x956,Port Alexandraland,Arkansas,2023-09-09
584,Aaron,Gonzalez,bradley21@example.com,5299109806,North Kayla,New Mexico,2025-01-23
585,Andrea,Hughes,mary95@example.org,(397)891-9789x55476,East Victoria,Rhode Island,2024-08-24
586,Haley,Lewis,ann57@example.org,001-935-895-4784,South Johnton,Kansas,2025-03-15
587,Joshua,Miller,tinacunningham@example.com,657.390.6709,North Matthewland,Maine,2025-09-19
588,Kimberly,Erickson,kwong@example.org,332-554-4909,Thomasmouth,Texas,2023-12-15
589,Amber,Mccall,colenina@example.com,+1-995-223-6350x4575,Samuelview,Florida,2025-04-24
590,Nicholas,Brown,veronica67@example.net,487.377.1856,Port Jennifer,Connecticut,2025-12-07
591,Mackenzie,Schroeder,williamsthomas@example.com,+1-884-782-9917x02554,Lopezhaven,Idaho,2025-11-05
592,Scott,Jackson,alvarezcatherine@example.org,(289)538-7234x7279,South Daniel,Louisiana,2024-04-07
593,Michelle,Howell,jared67@example.com,432-686-7077x848,North Walterbury,Pennsylvania,2025-06-22
594,James,Dunn,debramiller@example.com,712-552-4193,Chenberg,Pennsylvania,2025-01-09
595,Erica,Stewart,imcconnell@example.net,929.720.2979x0808,Port Robin,California,2026-04-17
596,Shannon,Hill,dchandler@example.com,001-227-742-8533,Lake Michael,Colorado,2026-07-04
597,Amber,Williamson,wstrong@example.org,(584)750-1278x7013,West Adamton,Tennessee,2026-02-04
598,Joseph,Jackson,katherine96@example.org,(586)544-4685x26788,East Tannerview,Oklahoma,2026-04-24
599,Kathy,Ellis,daniel57@example.org,(277)489-6038,East Andrea,Georgia,2025-07-20
600,Margaret,Jennings,bhenry@example.org,001-388-424-9125x6783,South Christopherfort,Massachusetts,2024-07-15
601,Jimmy,Willis,mcmahoncrystal@example.org,(775)626-6861x5577,West Lisa,Colorado,2026-01-03
602,Deborah,Butler,heather90@example.org,(818)650-9794,Jasonmouth,Montana,2024-12-01
603,Patrick,Valentine,joel30@example.net,625.695.7408x433,West Nathan,New Hampshire,2025-08-31
604,Amber,Hoffman,brownmatthew@example.net,595.860.0256x3644,Ericview,Maine,2023-09-11
605,Joel,Cummings,mathewmeadows@example.org,001-879-290-0581x91011,Rodriguezland,New Mexico,2026-01-29
606,Krista,Meyer,michelle65@example.com,(254)498-8712x5764,Port Sarah,New Mexico,2024-07-31
607,Edward,Ramos,mariapham@example.com,001-225-543-6723x73514,Walkertown,North Carolina,2026-01-23
608,Katherine,Perez,angelamiller@example.org,(476)890-1026x3749,Gregorychester,Georgia,2026-06-18
609,Jeff,Benjamin,amanda43@example.com,+1-540-974-6847x2877,Traceyborough,Louisiana,2025-09-05
610,Trevor,Velez,jilllopez@example.com,215.265.6980x2428,Andrewchester,West Virginia,2025-11-23
611,Matthew,Alvarado,martinjames@example.com,385.924.3764x8929,West Susanmouth,Florida,2023-08-10
612,Chloe,Golden,phernandez@example.com,426.814.7334x723,Nicholasview,Illinois,2024-08-28
613,Susan,Savage,zachary30@example.net,308-448-6353x893,New Blake,Utah,2025-03-08
614,Jacob,Bray,suarezgina@example.net,874.503.8130x16815,Delacruzberg,New Hampshire,2026-06-28
615,Phillip,Lee,bauersherri@example.net,962-277-9463x5148,Grossshire,Montana,2024-07-13
616,Thomas,Roth,christina51@example.com,895.506.6635x691,New Amanda,Nevada,2024-11-05
617,Rebecca,Lee,ahughes@example.org,957-229-7659x396,Lake Sonyaville,New York,2025-05-23
618,Veronica,Barnes,qmurray@example.org,478.811.6206,Jacksonview,Alaska,2024-05-25
619,Norman,White,smithjonathan@example.net,803.924.4849x2129,East Theresahaven,Colorado,2023-08-04
620,Connor,Jackson,yfreeman@example.com,(351)524-4334x43646,Lake Debrahaven,Alabama,2024-09-18
621,Barry,Hall,johnsontroy@example.net,+1-459-941-7848x465,Lake Amy,North Carolina,2024-03-10
622,Courtney,Gonzales,gjones@example.net,284-561-4983x2818,Dianachester,Georgia,2024-04-01
623,Kelly,Newman,joecooper@example.org,559.938.4497x080,South Antonio,Maine,2024-07-11
624,Danielle,Carter,christopherdunn@example.org,001-673-394-8719x7317,New Katherine,North Dakota,2023-09-12
625,Andrea,Miller,gbell@example.net,(608)989-7372,Sarafort,Michigan,2024-04-27
626,James,Meyer,jlane@example.org,+1-693-440-8529x3193,West Amymouth,New York,2024-04-23
627,Amber,Reyes,robertsonlindsay@example.net,(742)977-8048x659,Alexandraland,Alaska,2026-05-28
628,Jane,Lopez,martinmichael@example.com,001-851-500-9891,New Sarahton,Idaho,2024-06-26
629,Kayla,Brown,adam37@example.com,001-342-488-9143x2802,Jonesburgh,New Hampshire,2025-11-09
630,Michael,Ferrell,mitchellcantrell@example.org,796-374-5751x77124,Port Lisa,Virginia,2025-10-13
631,Mark,Kelley,amberhill@example.org,+1-343-624-7308x30517,Amandamouth,Oregon,2026-06-26
632,Melissa,Hutchinson,lcrosby@example.net,(810)330-0642,Lake Renee,Washington,2025-11-29
633,Denise,Hamilton,matthewssteven@example.org,+1-580-396-0021,Allenburgh,Michigan,2024-10-17
634,Craig,Vaughan,davisjeffrey@example.net,5328253571,South Ashleychester,Hawaii,2026-05-29
635,John,Mccullough,uromero@example.net,527.628.7609,Port Timothy,South Carolina,2023-10-19
636,Micheal,Scott,bianca05@example.net,378-529-1224,North Anna,Missouri,2025-08-06
637,Amy,Stanley,smithjennifer@example.com,3462050533,West Joseph,South Dakota,2025-12-02
638,Kelsey,James,awade@example.com,535-744-1807,North Gabrielberg,Arizona,2025-04-23
639,Kevin,Brown,christopheralexander@example.org,001-420-739-8845x724,East Jamesstad,Michigan,2026-01-10
640,Sarah,Smith,michellemoore@example.org,(818)717-9465x3422,Melanieland,Massachusetts,2026-07-05
641,Kathy,Stevens,goodmanbobby@example.com,897.504.6433x42257,West Joshuafort,New York,2025-08-14
642,Stephen,Rollins,susancampbell@example.org,238.205.5858x997,Anneborough,New York,2024-12-27
643,Natalie,Hodges,eric15@example.net,763.697.3879,Vanessatown,Mississippi,2024-11-30
644,Brandon,Brown,patrick34@example.org,624-305-8497,Kaylamouth,Ohio,2024-11-06
645,Holly,Carney,suzannefernandez@example.org,(673)233-4293,New Antonioport,North Carolina,2023-08-27
646,Jessica,Walters,bcoleman@example.org,(432)233-4118,Lake Joel,Texas,2026-06-29
647,Tonya,Freeman,lkelley@example.net,590.637.9769,Patelbury,Missouri,2024-01-02
648,Dalton,Scott,zfigueroa@example.org,(510)296-7900x73931,Acostabury,Pennsylvania,2024-06-03
649,Robert,Ramirez,heather46@example.org,987.700.0866x9033,East Jenniferfort,New Mexico,2025-07-24
650,Cindy,Romero,williesmith@example.org,(315)544-6275,Alexanderside,West Virginia,2026-03-30
651,Michelle,Parks,perkinsdalton@example.org,621.398.4650x18875,South Jerrybury,South Dakota,2025-09-20
652,Cheryl,Young,sara58@example.com,236-827-0362x3235,Rachelfort,Missouri,2025-06-15
653,James,Mcmahon,vanessa24@example.com,(467)861-8801x1778,West Jeremyville,Oregon,2026-07-10
654,Meredith,Hernandez,joneschad@example.net,797-672-0097,North Michaelbury,West Virginia,2025-07-24
655,Derek,Smith,mrhodes@example.com,+1-339-634-1548x417,North Joshuaside,Alaska,2026-06-25
656,Christopher,Robinson,alyssapena@example.net,001-998-794-3866x9791,Danielleland,South Dakota,2024-05-27
657,Carmen,Rojas,xlarson@example.com,+1-565-225-6263x5018,North Richardview,Kansas,2024-01-05
658,Kelsey,Carter,scottamy@example.net,+1-298-237-1663x245,North Melissaborough,Connecticut,2025-01-10
659,Madison,Taylor,johnsonjennifer@example.org,001-512-224-9064x05803,Rodriguezview,California,2026-07-09
660,Desiree,Hickman,jay08@example.com,+1-676-450-7733,South Jessicachester,Alabama,2024-05-07
661,Traci,Guzman,shannon41@example.com,001-676-853-5933x17945,Nicoletown,New Hampshire,2024-01-13
662,Kaitlyn,Jones,maryowen@example.com,(822)468-5612x278,Robbinsstad,South Carolina,2025-03-17
663,Jose,Rodriguez,bhart@example.net,564.583.3454,West Matthewfurt,North Dakota,2026-03-17
664,Anthony,Thomas,ssnyder@example.net,001-942-283-6136x46852,Mendozafurt,Connecticut,2024-12-16
665,Kristina,Farley,darrell82@example.com,8395060644,Desireemouth,Maine,2025-11-02
666,Dylan,Farrell,michelle67@example.com,325.590.4739,North Codychester,Utah,2024-12-18
667,Matthew,Morgan,katherinejenkins@example.org,2896171750,East Robin,New Mexico,2024-11-27
668,Amanda,Soto,teresa72@example.org,9479744336,South Miguel,Ohio,2025-05-13
669,Emily,Hughes,ashley98@example.net,439-688-2869x5549,East Dustinburgh,Maine,2025-09-12
670,Claudia,Clay,pricejulie@example.org,+1-730-994-5222x99953,West Alexandrastad,Oklahoma,2024-10-11
671,Jessica,Miller,dwayne31@example.net,768-215-3699,East Johnside,Oregon,2024-06-08
672,Denise,Mccullough,linclifford@example.com,892.371.1571,Lake Jamesland,Wyoming,2025-06-11
673,Thomas,Perez,jyoung@example.com,580-288-9123x509,Josefurt,Montana,2026-07-28
674,Robert,Ochoa,ylopez@example.net,396.795.8830x94006,New Robert,Michigan,2025-03-01
675,Katherine,Nichols,sdrake@example.com,617.290.0307,Butlerchester,Iowa,2025-03-10
676,Robin,Mejia,nhall@example.net,(284)244-7305,Juanbury,Georgia,2024-08-02
677,Robert,Mercado,joshuaporter@example.net,743.844.4639,Port Susanchester,West Virginia,2024-10-04
678,Susan,Sanchez,zflores@example.com,(620)903-8480x6299,East Charlesstad,South Dakota,2024-12-27
679,Kenneth,Robinson,karenweaver@example.com,3432894439,Sullivanbury,Nevada,2024-10-05
680,Angela,Nguyen,rileytom@example.com,(693)667-7037x55724,Perryside,Utah,2024-08-30
681,Kimberly,Thomas,jonathon94@example.org,(274)534-3615x739,Christineburgh,Virginia,2023-08-07
682,Elizabeth,Bell,acrawford@example.org,001-709-647-6663x55171,Danielport,Oregon,2023-12-16
683,Roberto,Davis,adamguerrero@example.com,(807)885-2957x12910,New Jessica,New Mexico,2026-01-18
684,William,Moreno,acurtis@example.com,+1-712-244-6861x686,Torresville,Ohio,2025-08-19
685,Daniel,Parks,brownmichael@example.org,+1-656-401-9012x86841,East Amber,Iowa,2025-11-27
686,James,Jenkins,ebrennan@example.com,661.215.2314x723,Port Patrick,Colorado,2024-12-08
687,James,Allen,lidennis@example.org,001-850-994-9788,Robertsberg,California,2024-02-06
688,Thomas,Phillips,perryryan@example.net,001-371-259-5010x767,Patrickfort,Wyoming,2025-12-31
689,Lindsey,Combs,carolyoung@example.com,282.329.1847,West Jillhaven,New York,2025-08-13
690,Samuel,Edwards,sandrasmith@example.net,+1-298-998-1988x5633,New Tiffany,Arizona,2024-08-10
691,Paul,Baker,wilsonpatrick@example.com,448.275.2650x39076,Melissamouth,West Virginia,2024-05-19
692,Shawn,Johnson,alexandra59@example.net,(436)317-7413x1872,New Mirandafort,New Mexico,2024-01-28
693,Tiffany,Trevino,kimberly91@example.com,323.630.6831,Grossfort,Arkansas,2024-09-18
694,Joseph,Hill,paul62@example.com,001-906-640-9402x10231,Port Louis,New Hampshire,2025-03-16
695,Lisa,Poole,bgomez@example.net,001-525-464-2096x2076,Brownhaven,Montana,2026-03-05
696,Carrie,Graves,beckerjennifer@example.net,+1-981-283-8423,Nicolestad,Delaware,2024-03-30
697,Daniel,Davis,paullarson@example.com,+1-983-238-6304x30898,East Jasonville,Kansas,2026-05-30
698,Thomas,Carrillo,kgrant@example.net,+1-217-539-2162,North Anthony,Massachusetts,2024-04-23
699,Angela,Johnson,martinsusan@example.com,546.511.2791x6162,Mckinneychester,Nebraska,2024-05-22
700,James,Miller,kking@example.com,(388)885-8076,North Robert,Wyoming,2025-12-07
701,Kelly,Santiago,jeffery87@example.org,+1-758-357-5388x851,South Carlybury,Alabama,2025-04-12
702,Linda,Ferguson,bensonmatthew@example.net,525-370-1932x01484,Greenside,New York,2025-01-26
703,Erik,Gordon,tnguyen@example.org,(436)310-8435x31706,New Lindsayton,South Carolina,2025-07-26
704,Jennifer,Gray,josephluna@example.com,001-461-486-1847,Carterview,Delaware,2025-03-05
705,Pamela,Hernandez,sarah62@example.net,263-957-2809,Port Coryport,Nevada,2024-07-15
706,Sherry,Conner,clarkkenneth@example.com,946.608.4542,Gregoryville,New Mexico,2024-07-07
707,Jocelyn,Brown,alyssamelton@example.net,(630)206-9975x892,Phelpsberg,Wyoming,2025-05-16
708,Sean,Petty,fbrown@example.com,(568)558-3084x3183,North Jessicamouth,New Jersey,2025-12-31
709,Jessica,Steele,luisgordon@example.com,432-264-8044x366,South Patricia,New York,2025-07-28
710,Clayton,Conway,schultzdavid@example.com,889.815.4991x56151,Turnertown,Maine,2025-09-19
711,Ryan,Glover,qevans@example.net,281-453-6794,Watsonburgh,Kentucky,2025-02-18
712,Michael,Hernandez,espinozajose@example.org,854-302-2253x61853,Harrisborough,Tennessee,2026-03-26
713,Ruth,Dorsey,harrisonbrian@example.org,(911)366-6261x12433,South James,Ohio,2024-06-08
714,Chelsea,Wilson,garrettelizabeth@example.net,+1-250-231-4222,Port Markshire,Minnesota,2025-03-02
715,Matthew,Waller,victoria22@example.net,527.727.6491x9658,North Nathanshire,Georgia,2023-09-21
716,James,Wilson,padillalori@example.net,797-966-0094,Smithborough,Michigan,2023-10-14
717,Joshua,Massey,john83@example.org,001-616-230-4077x3791,Hallfurt,Illinois,2025-01-04
718,Jane,Bennett,oboyd@example.net,001-234-939-6027x9274,West Kristinstad,New Hampshire,2026-05-10
719,Anthony,Roberts,david34@example.org,001-686-728-5764x846,Shannonbury,Georgia,2026-04-15
720,Lisa,Mclaughlin,scottmichael@example.net,238.910.3504,Tammybury,Utah,2024-12-05
721,Trevor,Hernandez,normabowman@example.org,001-476-859-9988x994,Lake Jessestad,Maine,2025-05-02
722,Larry,Brennan,tgonzalez@example.com,8238764985,South Kennethland,Arkansas,2026-05-01
723,Ariel,Kline,benjamin94@example.org,(760)755-0961x57128,North Judy,Florida,2024-06-15
724,Melissa,Chavez,mariarivera@example.org,(668)486-4736x823,Lake Stephen,Wisconsin,2024-05-25
725,Michele,Duncan,wattscharles@example.com,263-974-1392,Lake Leslie,Ohio,2026-07-01
726,Kerri,Farmer,hobbsjustin@example.net,001-657-339-3270x977,Larsenshire,Pennsylvania,2026-07-04
727,George,James,ckelly@example.net,466-941-2403,Alexhaven,Kansas,2026-01-03
728,John,Brown,yvette10@example.org,(394)247-4239x63471,North Adrienne,Texas,2024-10-04
729,Jennifer,Arroyo,pbarrett@example.com,+1-422-201-7421x09627,Sarahbury,Rhode Island,2024-05-02
730,Joseph,Phillips,soconnell@example.net,(907)662-8784x3761,Richardside,South Dakota,2023-12-15
731,Leslie,Campbell,harrissheila@example.org,255-416-6790x054,Scottstad,North Dakota,2024-02-04
732,George,Clay,acook@example.net,+1-895-858-7695x08410,Mcgrathville,South Carolina,2024-10-10
733,Kristopher,Boone,jamesclark@example.net,8418085072,South Rebecca,Maine,2024-01-09
734,Calvin,Ramirez,jasmineadams@example.org,366.931.8487,Hollyport,Arizona,2026-05-16
735,Jessica,Crawford,ashley29@example.net,387.426.4509x498,West Tony,Oregon,2023-08-02
736,Karen,Hoffman,glenn80@example.org,952-567-8089,Jamesport,Mississippi,2025-07-06
737,Laura,Porter,cmorrison@example.com,897.401.4048x9981,Hernandezside,Wyoming,2024-10-11
738,Mary,Davis,mscott@example.org,(284)205-9222,Chapmanville,Tennessee,2024-10-31
739,Justin,Washington,daniel72@example.com,(774)910-5653,Lake Ronaldmouth,Virginia,2025-01-18
740,Christopher,Allison,fdickson@example.com,270.829.4693x0142,Lake Marilyn,Wisconsin,2024-02-17
741,Julie,Richmond,edward28@example.com,(204)284-1923x1973,Santosside,North Dakota,2024-01-23
742,Wesley,Bowen,daviscindy@example.com,9143616252,Port Samanthaside,Mississippi,2026-02-28
743,Carrie,Hartman,kristinvalenzuela@example.com,001-936-727-1450x387,Bryanhaven,New Hampshire,2025-04-13
744,Melissa,Clarke,delgadolindsay@example.net,905.822.6622,Deborahstad,Oklahoma,2025-09-08
745,Victor,Hernandez,ballardjames@example.com,430-509-2098x120,Steinport,Florida,2025-08-18
746,Richard,Costa,debra30@example.net,(956)270-7916,Port Sarah,Kansas,2025-01-01
747,Amber,Blair,christophernelson@example.org,812-869-7361,Ericabury,South Dakota,2025-06-04
748,April,Glass,zimmermanamy@example.com,989.888.0497x773,Kyleland,Oregon,2026-05-25
749,Amanda,Martinez,brent46@example.com,229.507.2935x885,Nathanmouth,South Dakota,2024-12-18
750,Tamara,Bryant,jessica34@example.com,+1-349-685-2016x132,East Meganland,North Dakota,2026-04-12
751,Tara,Morton,dduncan@example.org,535.961.4204x522,Tracyview,Illinois,2023-10-28
752,Cody,Turner,jonesrebecca@example.com,001-924-375-6429x7909,Port Denise,North Dakota,2026-01-10
753,Laura,Roth,uacosta@example.com,+1-427-733-5019x0473,Monicafort,Hawaii,2025-11-17
754,Sarah,Medina,ljones@example.com,399.709.2657,South Tammy,Iowa,2024-10-08
755,Alexander,Scott,angela69@example.org,(596)533-2004x7057,Jasonmouth,Vermont,2023-11-13
756,Rachel,Ramirez,paulturner@example.org,001-244-727-5386,Dianaville,Iowa,2023-12-25
757,Christopher,Hoffman,huntmark@example.net,(642)691-0025,Valenciachester,Florida,2023-09-26
758,Samuel,Mendoza,jermainemiller@example.net,+1-976-750-9658,Johnsonmouth,South Carolina,2023-09-19
759,Anthony,Sandoval,alvarezjulie@example.com,(335)866-4680x9763,Port Laurenchester,Utah,2025-06-16
760,Katie,Patel,raymondsampson@example.net,551.373.5202x44974,Perkinsside,South Dakota,2023-10-28
761,Steven,Dixon,carlyjones@example.com,001-546-650-9249x2665,East Alexander,Oklahoma,2024-06-09
762,Tony,Lang,iberry@example.com,215-488-3885,West Robertville,Florida,2024-06-02
763,Robert,Grant,kevindiaz@example.com,(751)585-1234,Franklinville,Washington,2026-05-06
764,Nathan,Shaffer,josephcampbell@example.com,429-775-8232x5235,South Dawnburgh,Wisconsin,2023-12-08
765,Jasmine,Gomez,jennifer19@example.net,775-603-2839,Bentleyborough,Virginia,2025-04-17
766,Melinda,Nunez,alexandersanders@example.com,780.262.1732,New Dianaberg,Alabama,2025-05-05
767,Amber,Allen,wilsontina@example.com,001-769-866-0870,Port Matthew,Oklahoma,2025-01-06
768,Charles,Delacruz,dstevens@example.net,691.308.7160x212,Gutierrezmouth,Washington,2025-08-19
769,Molly,Long,macknatalie@example.net,+1-329-442-5184,West Sara,Nebraska,2026-02-07
770,Monique,Smith,wadams@example.org,716.471.5838,Sandraside,Oklahoma,2023-12-09
771,Mary,Johnson,nelsondrew@example.com,001-775-956-2762x7729,Adamsfurt,Alaska,2025-12-12
772,Kevin,Dunn,brewerderrick@example.com,001-492-887-4617x1551,Longside,Idaho,2025-03-25
773,Karen,Wade,lawrence64@example.com,(963)678-3728x35031,East Anthonychester,Massachusetts,2026-07-04
774,Andrew,Haley,webbsusan@example.org,+1-898-633-4621,North Adamland,Rhode Island,2025-01-23
775,Savannah,Lucas,jmcdaniel@example.net,001-497-374-8691,Davidtown,Nebraska,2025-04-29
776,Gregory,West,stacyprice@example.net,234.210.6960,Davidhaven,Louisiana,2025-10-26
777,Melissa,Phillips,zfuentes@example.net,(372)845-6607,Lake Victoria,Connecticut,2026-04-28
778,Catherine,Williamson,crystal56@example.org,(438)936-1513x09562,Jeromemouth,Utah,2025-06-21
779,Ashley,Sullivan,davisdonna@example.net,001-423-926-6136,Timothyside,California,2024-11-09
780,Whitney,Gonzalez,montoyaalexander@example.net,9442495248,Barrettfort,Maryland,2024-05-15
781,Rachael,Blair,jmarshall@example.com,+1-454-703-6793,South Brenda,Wisconsin,2026-01-24
782,Tammy,Gill,smithkaren@example.com,+1-326-908-7408x932,Darrenton,New York,2025-12-08
783,Theresa,Hines,audreycampos@example.com,865.727.8130x10031,Thompsonmouth,Colorado,2025-05-05
784,Alexander,Silva,moliver@example.org,368.382.8164x6419,Kimberlytown,Oklahoma,2024-07-30
785,Brian,Wells,patrickjenkins@example.com,(966)473-3816x58762,Ramirezside,Pennsylvania,2025-10-31
786,Michael,Sheppard,varnold@example.net,(761)314-4604,Port Donald,Iowa,2025-12-14
787,Christopher,Howe,brendareynolds@example.org,(357)460-8871x12486,East Davidberg,Vermont,2023-10-26
788,Matthew,Hamilton,lruiz@example.net,208.646.9820x3062,Lake Angela,Oregon,2023-12-25
789,Kristopher,Hurley,susan02@example.net,865-244-5481,South Markside,New York,2024-03-01
790,Emily,Mendez,clarkejody@example.org,621.213.7657,Edwardsside,Texas,2026-04-17
791,Steve,Ford,shanedoyle@example.net,913-399-4068x1637,Griffinton,North Dakota,2024-08-19
792,David,Brown,william57@example.org,+1-805-464-5273x1884,North John,North Carolina,2025-12-28
793,Nicole,Bass,lisa49@example.net,7978431200,Brownmouth,Colorado,2025-02-13
794,Bryan,Harris,cartermelissa@example.com,450-389-5022,Shieldsmouth,Washington,2025-03-23
795,Roger,Rogers,agriffin@example.com,001-761-553-8869,Patelchester,New Hampshire,2025-12-10
796,Jonathan,Garcia,emily73@example.com,2922308736,Stephaniechester,Arkansas,2025-02-14
797,Melissa,Spencer,lanenatasha@example.org,(451)878-9882,Lake Alexaside,Nevada,2024-08-15
798,Steven,Bishop,pshelton@example.com,+1-599-941-5823x8791,New Austinbury,Wisconsin,2025-03-21
799,Jose,Bennett,xpitts@example.com,412.250.6694x8758,Barkershire,Michigan,2023-10-30
800,Wendy,Brooks,padillavictoria@example.com,286-716-8146x98387,Williamhaven,Georgia,2024-05-02
801,Travis,Foster,nguyenerin@example.org,514.459.7825x0937,Suttonberg,Florida,2023-08-03
802,Sarah,Moore,jonathan07@example.com,8038970819,Lorifort,Missouri,2026-06-26
803,Shannon,Ball,xscott@example.com,001-244-640-7609,West Jasmine,South Dakota,2023-07-31
804,Kyle,Murray,john24@example.net,579-868-4948x2747,South Rebecca,South Carolina,2025-06-24
805,William,Haynes,shirleyjohnson@example.org,001-661-978-5123x9807,Charleschester,New Jersey,2024-07-23
806,Kelly,Williams,iadams@example.net,(523)312-1859,Williamsville,Alabama,2026-02-05
807,Zachary,Dennis,denisemartin@example.com,001-886-908-2743x078,Reynoldsshire,Virginia,2024-11-16
808,James,Conrad,carriehunt@example.com,(609)414-0309,Russellfort,Arkansas,2023-10-20
809,Kathleen,Rogers,karen97@example.com,001-299-568-5316x389,Delgadomouth,New Mexico,2026-02-27
810,Stacey,Gonzalez,scobb@example.com,+1-776-825-8077,Andersonchester,Florida,2025-04-27
811,Karen,Clark,tara65@example.net,(413)842-1432x58388,Julialand,New Mexico,2023-11-26
812,Christina,Adams,hailey83@example.net,001-503-853-2562x08488,Carlamouth,Vermont,2026-02-08
813,Kari,James,martinlawson@example.org,001-472-534-0960,Mariaberg,Pennsylvania,2024-04-09
814,Natasha,Lopez,travispeck@example.com,581-957-5607x5933,Avilafort,Colorado,2025-10-05
815,Mike,Norris,brianespinoza@example.com,001-899-563-3001x2729,Lake Heatherchester,Connecticut,2023-12-11
816,Ryan,Padilla,christina26@example.org,6342067133,New Michael,Montana,2024-10-13
817,Amanda,Horton,dsnyder@example.org,4287063416,Cameronfurt,New Hampshire,2025-08-31
818,Tim,Peters,asutton@example.org,951-855-0637,South Monicamouth,Nebraska,2026-02-19
819,Darlene,Martin,shane96@example.net,+1-640-694-4987,Clarkhaven,Texas,2026-03-08
820,Kimberly,Jackson,qmiller@example.com,(583)564-4214x6148,Wilsonchester,Maine,2025-12-30
821,Dana,Sloan,aaron63@example.net,+1-268-343-3155x44265,Floresmouth,Minnesota,2024-04-29
822,Stephen,Mack,mthomas@example.com,+1-658-683-4415x93908,North Daniel,Nebraska,2025-08-04
823,Rebecca,Wilkins,kelseypetersen@example.org,(202)798-2415x342,New James,Virginia,2026-01-26
824,Kristine,Medina,uthompson@example.net,(805)840-1478,Colemanside,Connecticut,2025-03-24
825,Christopher,Larson,debragordon@example.com,001-768-709-7567x697,Lake Richard,Texas,2024-01-18
826,Cody,Briggs,imunoz@example.net,001-428-385-0294,West Mary,Wyoming,2025-07-22
827,Calvin,Lopez,lfuller@example.org,942.267.3710,North Stevenmouth,Virginia,2024-11-14
828,Linda,Trevino,harveyeric@example.net,448-883-7571x1683,Rhondaville,Kentucky,2025-02-23
829,Alison,Chavez,thompsonbrandi@example.net,(418)697-2236x9499,Andersonfurt,Ohio,2025-10-12
830,Alexander,Kaufman,ramirezmichele@example.org,001-395-359-4692,South Meganhaven,Wisconsin,2024-03-11
831,Michelle,Harrington,utodd@example.org,(229)629-3721x146,South Markfurt,Wisconsin,2023-11-30
832,Christine,Sandoval,matthew48@example.org,780-684-7915x761,New Richard,North Carolina,2023-11-01
833,Timothy,West,melanie08@example.net,(311)940-4415,Jonesfurt,Missouri,2026-04-18
834,Nicholas,Downs,jeannebarrett@example.net,(933)918-9571,South Christie,South Carolina,2024-09-26
835,Ebony,Dean,belindacopeland@example.org,8079656858,Stephenstown,Arkansas,2024-12-05
836,Kevin,Ellis,ybird@example.org,657-307-8323,Port Jill,Connecticut,2023-12-08
837,Charles,Day,amanda78@example.org,797.263.5395,Lake Michaelmouth,Delaware,2026-07-14
838,Shane,Brewer,dsnyder@example.net,001-313-950-6716x610,Marshfort,Oklahoma,2025-06-11
839,Richard,Nguyen,phillipmartinez@example.org,604.372.5296x375,Kimberlyburgh,Illinois,2025-01-23
840,Ashley,Smith,cwu@example.org,9945619834,Port Saraton,Missouri,2024-11-15
841,Jennifer,Bell,lynn17@example.org,001-861-522-0726x932,New Robert,Oklahoma,2023-08-09
842,Sharon,Bradley,fcampbell@example.com,285.970.6286x9469,Williamhaven,Utah,2025-12-03
843,William,Rodriguez,lmckee@example.org,2404969617,Port Megantown,Ohio,2025-01-06
844,Joshua,Williams,edwardsjacob@example.org,4335894153,Priscillafurt,Connecticut,2024-01-14
845,Lisa,Patterson,sheryljohnson@example.org,887.922.4454x2939,Larryton,Utah,2025-03-28
846,Ann,Lawrence,glopez@example.net,(892)924-5586x91798,South Denisefort,New Mexico,2024-11-28
847,Angela,Robinson,wilsonandrew@example.com,001-475-695-9446x797,South Stevenmouth,Kansas,2024-12-03
848,Brittany,Stewart,elijahlowe@example.net,(846)873-7187,East Jacob,Wisconsin,2024-12-15
849,Tamara,Kirk,brent12@example.org,+1-881-333-3608x22120,Lake Brent,West Virginia,2023-11-20
850,Walter,Reyes,annaboyle@example.net,937.721.8661x03864,Goodwinside,West Virginia,2025-01-01
851,Joseph,James,lauren02@example.net,(530)591-8371x483,South Laurastad,North Carolina,2024-02-25
852,Jonathan,Thompson,angelaross@example.net,+1-300-382-9844,Amyville,Alabama,2023-09-22
853,Linda,Brooks,nicole21@example.com,001-357-937-2253,Jonathanborough,Vermont,2025-02-23
854,Bruce,Lewis,ecarroll@example.com,360-729-8647x7877,South Joshuaburgh,New Mexico,2025-11-02
855,Allison,Gomez,baueralejandro@example.net,(882)233-0876x2586,Michaelborough,Minnesota,2024-02-26
856,Victor,Gonzales,nmedina@example.com,853.823.3251x171,East Brandonland,Delaware,2025-06-17
857,Steven,Campbell,wallacerachel@example.org,001-464-423-5963,Jonesborough,South Dakota,2026-05-20
858,David,Williams,melissa08@example.org,001-379-881-1317x792,Matthewhaven,Idaho,2024-06-27
859,Jonathan,Boone,myersbrandon@example.com,440-684-5070,New Patricia,Minnesota,2026-06-15
860,Monique,Cunningham,margaretadams@example.net,686-320-2337,Kaylatown,Rhode Island,2023-08-13
861,Gregory,Bryant,amy81@example.net,001-737-695-8703x808,Lake Anthony,Maine,2024-12-12
862,Thomas,Nelson,glester@example.org,(863)958-0565,Lake Anthony,Oklahoma,2024-10-20
863,Maria,Waters,yreese@example.com,534.998.1767x7175,Lake Amandahaven,Rhode Island,2026-02-10
864,Kimberly,Snyder,joseph63@example.com,001-956-779-1050,Jenniferport,West Virginia,2025-03-08
865,Debra,Horne,fbradley@example.org,+1-563-297-8230x69247,New Michaelville,South Carolina,2025-07-13
866,Micheal,Robinson,jreed@example.net,7513505508,East Saraport,Montana,2023-11-20
867,Karen,Orozco,woodsrobert@example.com,876.201.2175,Allenfort,Illinois,2025-02-20
868,John,Bartlett,ypatton@example.com,001-967-915-9773,Johntown,Alaska,2026-06-02
869,Nicole,Smith,sparkstimothy@example.org,9999229233,West Davidport,Arkansas,2024-08-30
870,Nicole,Warren,shane23@example.org,375-491-8649,Stanleychester,Nevada,2024-01-26
871,Sandra,Wall,shawn85@example.net,+1-529-464-9393,South Sarah,Alabama,2025-10-24
872,Jessica,Kelly,taylornathan@example.org,(834)389-1217x979,Joshuabury,Colorado,2025-11-08
873,Debra,Smith,samantha45@example.org,495.358.7235,Mendezville,Hawaii,2026-07-29
874,Jeffrey,Davis,felicia17@example.com,479-231-6192,North Josephland,Massachusetts,2026-07-05
875,Alison,Villegas,itaylor@example.com,+1-639-617-2075x957,New Williamchester,Ohio,2024-03-12
876,Anna,Long,fparker@example.org,780-289-0859x74350,North Susanville,Massachusetts,2024-08-09
877,Suzanne,Nguyen,lisacolon@example.com,956-912-3290x948,Hunterburgh,Arkansas,2025-07-25
878,Alexis,Brown,david45@example.com,276.952.7422x7227,Manningbury,West Virginia,2025-07-20
879,Daniel,Smith,jodymclaughlin@example.org,(504)957-3424x408,Watsonport,Kentucky,2026-05-08
880,Donald,Walton,justin38@example.net,960.756.4780x960,Jamesland,North Dakota,2025-06-29
881,Christy,Jefferson,kpoole@example.net,682.962.0215x7231,Susanside,Maine,2025-10-02
882,Justin,Edwards,courtney61@example.net,646-783-7727,East Jenniferview,New York,2024-01-04
883,Todd,Harrison,mmoore@example.net,751-682-8681x80157,East Michaelland,Pennsylvania,2026-06-22
884,Jillian,Shaw,thomasyoung@example.org,001-572-267-2192x765,East Jamesmouth,Kansas,2026-02-26
885,Elizabeth,Kelly,austinanthony@example.org,817.632.0621,Austinland,Arkansas,2024-08-08
886,Sierra,Bell,diana76@example.net,+1-579-736-3743x71895,Lake Travisview,Texas,2026-03-24
887,Heather,Johnson,fhayes@example.com,476.570.7719x74379,New Anitafort,Minnesota,2024-12-23
888,Regina,Taylor,monicayoung@example.com,001-535-558-5577x905,Tracyfort,Oregon,2025-04-22
889,Jon,Martinez,frankhart@example.net,001-688-531-4198,Port Jacquelinemouth,Rhode Island,2026-04-23
890,Sara,Kennedy,gutierrezapril@example.org,276.817.6833,New Tyler,Texas,2024-06-25
891,Marissa,Hernandez,hendrixmark@example.net,001-778-495-3802,Fischerborough,Idaho,2026-01-17
892,Maria,Rojas,rlittle@example.com,(336)577-8760x019,Lake Anthony,Nevada,2024-03-19
893,Edward,Davis,cynthiaoneal@example.com,6679187662,Daniellefort,Oklahoma,2023-12-17
894,Vincent,Edwards,ynorton@example.org,+1-943-998-8607,New Christy,Idaho,2023-11-22
895,Jeanne,Dennis,jtaylor@example.com,(298)797-5448x4753,New Reneeburgh,Maryland,2026-07-04
896,Joseph,Warren,jamesmyers@example.com,001-604-653-3674x0886,Randyhaven,Georgia,2024-01-27
897,Chase,Smith,mark89@example.org,001-426-789-4060x9904,Castrotown,Montana,2023-09-24
898,Timothy,Walker,noah44@example.org,545-687-9732x88770,Lukeberg,Michigan,2025-09-17
899,Jacob,Alvarado,oallen@example.net,623-525-7687x53875,West Nicholasburgh,Michigan,2026-04-12
900,Kathy,White,castrojacqueline@example.net,001-647-759-1086,New Marioburgh,California,2026-01-19
901,Heather,Brown,katherine75@example.net,504.645.0459x6596,Lake Dana,Tennessee,2026-05-21
902,Pamela,Williams,dwayne37@example.net,(216)687-4270x108,Matthewburgh,Hawaii,2025-01-29
903,Diana,Stevens,gregory29@example.com,319-942-0666x224,Maryland,Alaska,2025-03-09
904,Andrew,Bentley,willie31@example.org,001-594-801-8222x20467,Lake Johnathan,Michigan,2024-10-10
905,Amanda,Cox,eatonkaitlin@example.net,(521)349-3515,Martinchester,Maryland,2024-05-27
906,Christopher,Ford,huntanita@example.net,369-462-1010x822,Dianahaven,Kansas,2025-10-07
907,Kathleen,Jimenez,zclark@example.org,7927474849,Lake James,Iowa,2025-10-01
908,Wanda,Weaver,johncastillo@example.org,359.277.2664,Port Walter,Iowa,2025-07-25
909,Amanda,Brewer,tylerwright@example.com,001-567-850-3240x0815,South Kimberly,Wisconsin,2025-01-23
910,Spencer,Valdez,mariojones@example.net,001-660-675-2848,Port Christopher,South Carolina,2024-12-24
911,Diane,Hernandez,schneidernatasha@example.org,001-856-793-3206x0475,New Stephanieland,Wyoming,2024-05-16
912,Darlene,Scott,kristinacarter@example.net,650.907.3327,Avilaberg,South Carolina,2025-08-19
913,Keith,Hamilton,martineztammy@example.org,438-599-3115,Nicholasfort,Rhode Island,2024-09-20
914,Maria,Maldonado,tavila@example.com,001-680-645-9609x2772,North Jill,New Mexico,2026-07-12
915,Nicole,Conley,simmonsdaniel@example.net,001-700-792-9271x880,Mccormickhaven,Ohio,2026-05-03
916,Scott,Hill,dennisrussell@example.org,(396)324-8327,Kristenton,Indiana,2023-09-16
917,Alexandra,Gonzalez,sbush@example.com,244.720.8328x71345,West Brian,Louisiana,2026-03-25
918,Gregory,Smith,henrysmith@example.com,(259)817-6914x752,Robertchester,Arkansas,2025-11-14
919,Holly,Mason,melissa76@example.com,992-229-3913,West Brandytown,South Carolina,2025-01-03
920,Gregory,Floyd,egreen@example.com,001-305-414-8626x19307,Lake Sandraland,Hawaii,2024-12-10
921,Nathan,Castro,lharmon@example.net,001-807-355-1853x697,Marioside,Michigan,2024-05-05
922,James,Doyle,christinemitchell@example.net,(991)506-8726,Ivanmouth,Kansas,2025-07-27
923,Bryan,Bauer,xmoran@example.org,746.327.7131,East Anaborough,New Mexico,2025-01-07
924,Renee,Murphy,victoriabradley@example.org,001-435-595-6730x0976,Hillberg,Georgia,2024-07-10
925,Karen,Campbell,samuel58@example.com,200.577.5895x46740,East Gregoryport,Maine,2023-09-26
926,George,Walsh,weekskimberly@example.org,001-633-837-1246x9920,Alexanderview,Hawaii,2024-10-01
927,Kenneth,Williams,tomavery@example.com,5479181368,Judithchester,South Carolina,2024-12-30
928,Nicole,Foster,traci82@example.net,001-766-911-1462,Priceport,Idaho,2024-06-13
929,Richard,Costa,martinezsandra@example.net,363-786-1400,West Erikaview,Michigan,2025-07-02
930,Douglas,Garrison,morrissharon@example.org,+1-250-556-9171x01465,East Samuelbury,New Jersey,2025-09-29
931,Autumn,Lewis,pjimenez@example.org,001-668-625-8687,New Johnshire,Massachusetts,2026-01-18
932,Jennifer,Dennis,treynolds@example.org,+1-475-941-3364x2694,West Anita,Illinois,2025-12-16
933,Raymond,Meyers,hamiltonbrandi@example.com,838.917.3686x859,Longside,Michigan,2024-02-21
934,Christine,Young,martintracy@example.org,2727418288,Heatherside,Hawaii,2025-08-13
935,Michael,Matthews,changbeverly@example.net,852.823.5660x09440,Moralesstad,Ohio,2025-04-17
936,Lydia,Allen,stephanie89@example.net,(235)378-7247,Melissachester,Rhode Island,2025-07-06
937,Julie,White,michelle57@example.net,614-745-6045x48192,Howardland,Colorado,2026-05-10
938,Julie,Woods,lrichards@example.com,+1-567-654-4117,Mortonville,Alaska,2025-08-13
939,Lisa,Wang,zallen@example.net,7778202464,South Jennifer,California,2024-10-31
940,Roger,Williams,mannkylie@example.org,889-341-2518,North David,Tennessee,2024-08-03
941,Cheryl,Perez,zmartinez@example.com,(657)344-4018x83741,Allenhaven,New Mexico,2025-05-29
942,Ashley,Cobb,kristivega@example.org,001-447-295-9196x589,Jesseside,Ohio,2025-11-10
943,Jeffrey,White,wday@example.com,+1-588-264-2572x66129,Paulville,Texas,2024-11-08
944,Jamie,White,edwardsdebbie@example.com,(638)427-2905x740,Freemanfurt,Virginia,2025-08-04
945,Jeremy,Crosby,sheltonkirsten@example.org,506-409-9938x706,East Nataliefurt,California,2024-06-24
946,Tiffany,Rodriguez,birdvalerie@example.net,+1-328-946-2150x5899,Port Anthony,Utah,2026-03-20
947,Dustin,Gibson,rsmith@example.com,(712)541-9839,Lopezberg,South Carolina,2025-06-07
948,Carol,Garcia,teresa47@example.org,+1-292-907-3093x5921,Johnnybury,Oregon,2025-11-24
949,Kevin,Hughes,kpeterson@example.org,667-999-7494x2937,East Johnside,Illinois,2023-11-02
950,Janice,Alexander,rachaelsimpson@example.net,001-832-557-6844x63518,Lake Elizabethhaven,Connecticut,2024-08-09
951,Lisa,Ward,sanchezbrandy@example.net,875-972-7224x5727,New Michaelside,Maryland,2023-10-23
952,Jessica,Lee,hmahoney@example.org,586.305.7567x58137,Port Brian,Nevada,2025-10-04
953,Cynthia,Gonzales,mary97@example.org,(844)886-0676,Codychester,Rhode Island,2026-03-18
954,John,Owen,daviskaren@example.net,693.435.1689x34520,Natalieville,New Mexico,2023-07-30
955,Adam,Davila,rogernelson@example.com,4204739523,New Ricardofort,Utah,2025-12-28
956,Michael,Chang,howardvincent@example.net,(776)872-4248,Wheelerchester,South Carolina,2025-10-15
957,Robert,Newman,cindy29@example.org,405.522.6453x8514,Samanthaville,Michigan,2024-10-26
958,Kristie,Jenkins,rodrigueztheresa@example.net,001-236-330-4652,Medinaton,Hawaii,2024-02-19
959,David,Scott,carriestevens@example.com,+1-206-969-3045,North Ericmouth,Arizona,2026-03-23
960,Matthew,Harris,roy31@example.org,(869)770-4391,West Jeffrey,North Dakota,2023-09-15
961,Joseph,Hanson,norriskelsey@example.net,(825)959-9390,Raymondbury,Kentucky,2026-07-17
962,Daniel,Rubio,sarah01@example.org,966-551-9940x9434,Garciamouth,Nebraska,2024-02-09
963,Jeffery,Lawrence,brownwilliam@example.com,232-713-4556,New Fernando,Georgia,2025-01-09
964,Morgan,Nelson,tina35@example.net,+1-586-381-9139x11600,Meganbury,Connecticut,2024-10-09
965,David,Myers,susan61@example.com,837-520-8045,Lake Philipton,Mississippi,2025-01-24
966,Nicole,Kelly,shari51@example.com,(921)827-4769,Port Dorisport,Connecticut,2025-04-24
967,Adriana,Smith,adriana34@example.org,(778)868-6162x42474,Kennethchester,Nebraska,2023-08-12
968,Kelly,Harrell,janice57@example.net,+1-232-661-7338x371,Ryanview,South Carolina,2026-03-20
969,Rachel,Atkins,ronald18@example.net,+1-570-829-6001,North Amyton,Ohio,2023-11-15
970,Kristy,Rose,shobbs@example.org,617.442.6553,Robertsborough,Utah,2023-10-26
971,Sean,Meyer,zscott@example.com,264-469-9972x441,Lake Peterborough,Indiana,2026-01-13
972,Edward,Baxter,robertsmith@example.net,630.337.5254x598,New Richard,New Mexico,2023-11-20
973,Jean,Harris,jennifergeorge@example.org,971-259-9324x89696,Amandamouth,Texas,2024-06-12
974,Sarah,Neal,kevincruz@example.com,+1-394-940-9697x786,Hughestown,Tennessee,2026-03-30
975,Tiffany,Morales,marthahernandez@example.net,2923290459,North Peter,Michigan,2026-05-14
976,Valerie,Keith,brittany32@example.com,8002440450,Carneyburgh,Tennessee,2024-03-12
977,Melinda,Cruz,kennedyjoshua@example.net,390-903-6665,New Keith,Oregon,2026-03-10
978,Jennifer,Ross,ashleyclark@example.com,+1-381-567-9001x761,Owensmouth,Pennsylvania,2026-03-21
979,Allison,Burnett,zbell@example.com,828-768-2485,Petersonfort,Georgia,2025-10-04
980,Amber,Carpenter,kevin20@example.org,+1-444-710-9478,Shortberg,Georgia,2024-03-13
981,Jim,Adkins,kerryvonne@example.com,001-660-717-5962x206,Danachester,North Dakota,2026-04-04
982,Karen,Cook,shudson@example.net,001-370-351-7777x7404,West Kimberly,Massachusetts,2023-11-13
983,Dustin,Yates,bethanymontes@example.com,913-784-2792x4518,Seanborough,Nebraska,2025-12-17
984,Megan,Noble,xford@example.org,001-804-931-0363x542,Sandramouth,Oregon,2025-08-26
985,Jason,Fernandez,dpowell@example.com,636.547.7687,Cruzton,Missouri,2024-03-02
986,Kendra,Leblanc,johnsonelizabeth@example.com,644.581.8979,South Michaelville,Louisiana,2025-10-13
987,Katrina,Ford,athompson@example.org,(239)498-3721x677,South Jessehaven,New Jersey,2023-08-14
988,Scott,Robinson,maria34@example.org,670-745-2920,Jonesfurt,Missouri,2025-02-18
989,Steven,Walter,hannahchurch@example.com,001-405-406-9986x52393,South Joelton,Ohio,2025-01-02
990,Jacob,Rodriguez,marciageorge@example.org,809.747.7598x35504,Juarezfurt,Alaska,2023-08-18
991,Daniel,Berry,whitezachary@example.com,(208)623-1243,Franklinborough,Kansas,2024-06-06
992,Jennifer,Craig,clarknicholas@example.com,001-650-734-8805x931,Haleytown,Nebraska,2025-07-30
993,Ryan,Gordon,murphyapril@example.org,304-825-8682x5569,North Josephmouth,Wyoming,2026-03-21
994,Deborah,Ramsey,lsmith@example.com,001-625-778-9578x933,New Jamesland,Tennessee,2023-08-29
995,Shelly,Russell,ellisjustin@example.org,9486642283,East Michael,New Mexico,2025-02-24
996,Michelle,Ramos,kyleacevedo@example.net,561-480-1918x69769,North Jessicachester,Louisiana,2024-11-11
997,Chad,Chan,john90@example.org,994.960.7912x4654,Latoyahaven,Alabama,2024-05-27
998,Johnny,Smith,charlesfrench@example.com,+1-946-770-5184,Hansonmouth,Iowa,2025-10-14
999,Derek,Phillips,kellyschroeder@example.org,6315163107,Matthewberg,Utah,2025-05-18
1000,Ricardo,Fischer,hogankenneth@example.org,(285)417-1491,Mendezport,Missouri,2025-11-26
